{"product_id": "0LLE6", "category": "Grains, Pasta, & Sides", "name": "Rana Fettuccine - 9 Oz", "description": "Fettuccine", "list_price": 2.99}
{"product_id": "TMD3L", "category": "Breakfast & Cereal", "name": "Nature Valley Granola Bars Sweet & Salty Nut Peanut - 6-1.2 Oz", "description": "Granola Bars", "list_price": 3.99}
{"product_id": "5Z6NV", "category": "Pet Care", "name": "Friskies Cat Food Classic Pate Variety Pack Box - 24-5.5 Oz", "description": "Cat Food - Moist", "list_price": 19.99}
{"product_id": "X8YHB", "category": "Fruits & Vegetables", "name": "Cilantro", "description": "Herbs", "list_price": 0.99}
{"product_id": "9P8N6", "category": "Bread & Bakery", "name": "Kings Hawaiian Original Sweet Rolls - 12 Oz.", "description": "Sandwich Rolls", "list_price": 3.99}
{"product_id": "GMAN7", "category": "Paper, Cleaning, & Home", "name": "Tide Plus Laundry Detergent Liquid HE Turbo Clean Downy April Fresh - 92 Fl. Oz.", "description": "Laundry Detergent", "list_price": 13.99}
{"product_id": "LBLB7", "category": "Cookies, Snacks, & Candy", "name": "Ruffles Potato Chips Original Party Size - 13.5 Oz", "description": "Potato Chips & Crisps", "list_price": 5.29}
{"product_id": "C8SH9", "category": "Fruits & Vegetables", "name": "Cucumbers", "description": "Cucumbers", "list_price": 0.99}
{"product_id": "Z0VW4", "category": "Bread & Bakery", "name": "Sara Lee Bread Whole Grain White - 20 Oz", "description": "Sandwich Bread", "list_price": 4.19}
{"product_id": "LG8EX", "category": "Beverages", "name": "Simply Lemonade Juice All Natural - 2.63 Liter", "description": "Lemonade & Limeade", "list_price": 4.99}
{"product_id": "C0PRG", "category": "Beverages", "name": "LaCroix Sparkling Water Lime Cans - 12-12 Fl. Oz.", "description": "Sparkling & Seltzer", "list_price": 5.99}
{"product_id": "Z0C33", "category": "Frozen Foods", "name": "STOUFFERS Simple Dishes Meal Macaroni & Cheese - 12 Oz", "description": "Frozen Meals", "list_price": 3.33}
{"product_id": "43CM8", "category": "Paper, Cleaning, & Home", "name": "Windex Original Glass Cleaner Trigger 23 fl oz", "description": "Glass Cleaners", "list_price": 4.99}
{"product_id": "9XE9C", "category": "Baby Care", "name": "O Organics Organic Baby Food Stage 2 Apple Sweet Potato & Carrot - 4 Oz", "description": "2nd Foods", "list_price": 1.49}
{"product_id": "FC3F3", "category": "Dairy, Eggs, & Cheese", "name": "Lucerne Butter Salted Sweet Cream 4 Quarters - 16 Oz", "description": "Butter", "list_price": 4.99}
{"product_id": "G1KVR", "category": "Personal Care & Health", "name": "Neutrogena Makeup Remover Cleansing Towelettes Refill Pack Pre Moistened - 25 Count", "description": "Facial Cleansers", "list_price": 0.99}
{"product_id": "ZQLZO", "category": "Baby Care", "name": "Huggies Baby Wipes Natural Care Fragrance Free Refill - 56 Count", "description": "Wipes & Diaper Refills", "list_price": 3.49}
{"product_id": "3WOYL", "category": "Bread & Bakery", "name": "Ball Park Burger Buns Classic White 8 Count - 14 Oz", "description": "Hamburger Buns", "list_price": 4.19}
{"product_id": "YNJAA", "category": "Canned Goods & Soups", "name": "Campbells Chunky Healthy Request Soup Chicken Noodle - 18.6 Oz", "description": "Canned Soups", "list_price": 3.49}
{"product_id": "705ZD", "category": "Canned Goods & Soups", "name": "Progresso Traditional Soup Chicken & Wild Rice - 19 Oz", "description": "Canned Soups", "list_price": 3.29}
{"product_id": "WURYH", "category": "Meat & Seafood", "name": "USDA Choice Beef Boneless Chuck Roast - 3 Lbs.", "description": "Beef Whole Cuts & Roasts", "list_price": 17.97}
{"product_id": "OBTGP", "category": "Deli", "name": "Primo Taglio Seasoned Cracked Pepper Turkey Breast - 0.50 Lb.", "description": "Turkey", "list_price": 4.5}
{"product_id": "LFLVR", "category": "Grains, Pasta, & Sides", "name": "Barilla Ready Pasta Penne Pouch - 8.5 Oz", "description": "Pasta Sides", "list_price": 2.49}
{"product_id": "W1AXT", "category": "Dairy, Eggs, & Cheese", "name": "Egglands Best Eggs Large Grade A - 18 Count", "description": "Eggs", "list_price": 7.49}
{"product_id": "YHD9M", "category": "Grains, Pasta, & Sides", "name": "Annies Homegrown Macaroni & Cheese Classic Mild Cheddar Box - 6 Oz", "description": "Macaroni & Cheese Boxed", "list_price": 2.79}
{"product_id": "6ECVS", "category": "Dairy, Eggs, & Cheese", "name": "Horizon Organic Milk Reduced Fat 2% - Half Gallon", "description": "Milk", "list_price": 5.99}
{"product_id": "JEBDN", "category": "Pet Care", "name": "Fancy Feast Cat Food Gourmet Classic Seafood Feast Variety 3 Flavors 8 Each Box - 24-3 Oz", "description": "Cat Food - Moist", "list_price": 19.99}
{"product_id": "4YKYZ", "category": "Baby Care", "name": "O Organics Organic Baby Food Stage 2 Apple Butternut Squash & Spinach With Quinoa - 3.5 Oz", "description": "2nd Foods", "list_price": 1.49}
{"product_id": "1L985", "category": "Baby Care", "name": "Plum Organics Baby Food Stage 2 Spinach Peas & Pear - 4.22 Oz", "description": "2nd Foods", "list_price": 1.99}
{"product_id": "VZPM4", "category": "Pet Care", "name": "Rachael Ray Nutrish Food for Dogs Real Chicken & Veggies Recipe Bag - 14 Lb", "description": "Dog Food - Dry", "list_price": 21.39}
{"product_id": "ES2L3", "category": "Pet Care", "name": "ARM & HAMMER Cat Litter Clumping Advanced Odor Control Double Duty - 20 Lb", "description": "Litter & Deodorant", "list_price": 11.49}
{"product_id": "6WLH2", "category": "Bread & Bakery", "name": "Sara Lee Bagels Deluxe Pre-Sliced Plain - 6-22 Oz", "description": "Bagels", "list_price": 4.99}
{"product_id": "LW1CZ", "category": "Fruits & Vegetables", "name": "Green Asparagus", "description": "Asparagus", "list_price": 4.99}
{"product_id": "94NLG", "category": "Paper, Cleaning, & Home", "name": "Downy Ultra Fabric Conditioner Liquid April Fresh - 51 Fl. Oz.", "description": "Fabric Softener", "list_price": 6.99}
{"product_id": "EB2EI", "category": "Bread & Bakery", "name": "San Luis Sourdough Bread Round - 24 Oz", "description": "Sandwich Bread", "list_price": 4.69}
{"product_id": "PZU51", "category": "Deli", "name": "Mini Babybel Original Snack Cheese - 10 Count - 7.5 oz", "description": "Snacking Cheese", "list_price": 6.99}
{"product_id": "B28ZZ", "category": "Fruits & Vegetables", "name": "Organic Strawberries Prepackaged - 1 Lb", "description": "Berries", "list_price": 5.99}
{"product_id": "OCT4N", "category": "Breakfast & Cereal", "name": "Mini Wheats Cereal Frosted Original Value Size - 24 Oz", "description": "Cereal", "list_price": 5.99}
{"product_id": "OV4WH", "category": "Condiments, Spice, & Bake", "name": "SKIPPY Peanut Butter Spread Creamy Reduced Fat - 16.3 Oz", "description": "Peanut Butter & Spreads", "list_price": 3.69}
{"product_id": "ALIX6", "category": "Personal Care & Health", "name": "Colgate Total Clean Mint Toothpaste - 4.8 Oz", "description": "Toothpaste", "list_price": 0.99}
{"product_id": "G90RK", "category": "Deli", "name": "Athenos Crumbled Feta Cheese Traditional - 6 Oz.", "description": "Feta Cheese", "list_price": 4.99}
{"product_id": "05V84", "category": "Beverages", "name": "LaCroix Sparkling Water Grapefruit Cans - 12-12 Fl. Oz.", "description": "Sparkling & Seltzer", "list_price": 5.99}
{"product_id": "ZDQMY", "category": "Meat & Seafood", "name": "Open Nature 100% Natural Grass Fed Angus Ground Beef 85% Lean 15% Fat - 16 Oz.", "description": "Ground Beef", "list_price": 6.99}
{"product_id": "D3GAP", "category": "Canned Goods & Soups", "name": "Campbells Soup Condensed Chicken Noodle Homestyle - 10.5 Oz", "description": "Condensed Soups", "list_price": 1.99}
{"product_id": "S1KS2", "category": "Canned Goods & Soups", "name": "Dole Pineapple Slices in 100% Pineapple Juice - 20 Oz", "description": "Pineapple", "list_price": 2.79}
{"product_id": "GMGO5", "category": "Canned Goods & Soups", "name": "Green Giant Corn Whole Kernel Sweet - 15.25 Oz", "description": "Corn & Baby Corn", "list_price": 1.59}
{"product_id": "WU6SK", "category": "Dairy, Eggs, & Cheese", "name": "Land O Lakes Butter Sweet Cream Salted Half Sticks 8 Count - 1 Lb", "description": "Butter", "list_price": 6.99}
{"product_id": "RG83O", "category": "Deli", "name": "Primo Taglio Grated Parmesan - 5 Oz.", "description": "Parmesan & Asiago Cheese", "list_price": 4.99}
{"product_id": "C7E2U", "category": "Bread & Bakery", "name": "Oroweat Bread Whole Grains Oatnut - 24 Oz", "description": "Sandwich Bread", "list_price": 4.99}
{"product_id": "84G67", "category": "Baby Care", "name": "Pampers Swaddlers Diapers Size 1 Newborn - 96 Count", "description": "Diapers - Size 1", "list_price": 26.99}
{"product_id": "L9TI9", "category": "Cookies, Snacks, & Candy", "name": "Triscuit Crackers Original Family Size - 12.5 Oz", "description": "Wheat Crackers", "list_price": 4.99}
{"product_id": "8DE6Y", "category": "Condiments, Spice, & Bake", "name": "Hidden Valley The Original Ranch Dressing - 16 Fl. Oz.", "description": "Bottled Dressings", "list_price": 4.99}
{"product_id": "I06B8", "category": "Baby Care", "name": "Pedialyte AdvancedCare Electrolyte Solution Ready To Drink Cherry Punch - 33.8 Fl. Oz.", "description": "Electrolyte Solution", "list_price": 7.99}
{"product_id": "TR3Y2", "category": "Cookies, Snacks, & Candy", "name": "OREO Double Stuff Cookies Sandwich Chocolate - 15.35 Oz", "description": "Sandwich Cookies", "list_price": 3.99}
{"product_id": "W4SRU", "category": "Baby Care", "name": "Ziploc Storage Bags Quart 48 ct", "description": "Plastic Bags", "list_price": 0.99}
{"product_id": "RIDJT", "category": "Deli", "name": "Columbus Italian Dry Salame - 12 Oz.", "description": "Salami & Sausage", "list_price": 9.99}
{"product_id": "L8BID", "category": "Beverages", "name": "Signature SELECT Drinking Water - 24-16.9 Fl. Oz.", "description": "Still Water", "list_price": 3.99}
{"product_id": "V3SOM", "category": "Paper, Cleaning, & Home", "name": "Ziploc Storage Bags Gallon 19 ct", "description": "Plastic Bags", "list_price": 4.59}
{"product_id": "J9Q60", "category": "Baby Care", "name": "Nursery Purified Water Without Flouride - 1 Gallon", "description": "Electrolyte Solution", "list_price": 1.49}
{"product_id": "BLOCR", "category": "Fruits & Vegetables", "name": "Green Onions - Bunch", "description": "Onions & Garlic", "list_price": 0.99}
{"product_id": "PCJUY", "category": "Breakfast & Cereal", "name": "Quaker Simply Granola Oats Honey & Almonds - 28 Oz", "description": "Granola & Muesli", "list_price": 7.29}
{"product_id": "WHN3J", "category": "Paper, Cleaning, & Home", "name": "Swiffer Dusters Dusting Kit Heavy Duty Extendable Handle 1 Handle 3 Dusters - Each", "description": "Sweepers & Supplies", "list_price": 11.99}
{"product_id": "BK2QT", "category": "Paper, Cleaning, & Home", "name": "Tide Plus Detergent Liquid Febreze Freshness Botanical Rain HE Turbo Clean - 92 Fl. Oz.", "description": "Laundry Detergent", "list_price": 13.99}
{"product_id": "K4J06", "category": "Meat & Seafood", "name": "Boneless Skinless Hand Trimmed Chicken Breast - 2.00 Lbs.", "description": "Chicken", "list_price": 4.49}
{"product_id": "MUFUS", "category": "Bread & Bakery", "name": "Daves Killer Bread Organic White Bread Done Right - 24 Oz", "description": "Sandwich Bread", "list_price": 6.49}
{"product_id": "7FVM5", "category": "Bread & Bakery", "name": "Signature SELECT Bread 100% Whole Wheat - 24 Oz", "description": "Sandwich Bread", "list_price": 3.29}
{"product_id": "JZVRK", "category": "Frozen Foods", "name": "White Castle Microwaveable Cheeseburgers - 6 Count", "description": "Pockets & Sandwiches", "list_price": 6.29}
{"product_id": "5UAAH", "category": "Pet Care", "name": "ARM & HAMMER Super Scoop Cat Litter Clumping Fragrance Free - 20 Lb", "description": "Litter & Deodorant", "list_price": 11.49}
{"product_id": "M3QZZ", "category": "Baby Care", "name": "PediaSure Grow & Gain Kids Nutritional Shake Ready To Drink Chocolate - 6-8 Fl. Oz.", "description": "Nutritional Supplements", "list_price": 12.99}
{"product_id": "3F223", "category": "Grains, Pasta, & Sides", "name": "Barilla Ready Pasta Elbows Pouch - 8.5 Oz", "description": "Macaroni & Ditalini", "list_price": 2.49}
{"product_id": "UQ24K", "category": "Cookies, Snacks, & Candy", "name": "Kettle Potato Chips Sea Salt & Vinegar - 8.5 Oz", "description": "Potato Chips & Crisps", "list_price": 3.99}
{"product_id": "7NVUS", "category": "Frozen Foods", "name": "Ore-Ida Potatoes Shredded Tater Tots Seasoned Gluten Free - 32 Oz", "description": "Frozen Potatoes & Onions", "list_price": 4.99}
{"product_id": "XWXG8", "category": "Fruits & Vegetables", "name": "Yellow Onions", "description": "Onions & Garlic", "list_price": 0.99}
{"product_id": "3L8JQ", "category": "Personal Care & Health", "name": "Neutrogena Makeup Remover Cleansing Towelettes Refill Pack - 2-25 Count", "description": "Facial Cleansers", "list_price": 14.99}
{"product_id": "7SBHG", "category": "Canned Goods & Soups", "name": "Signature SELECT Tomato Sauce - 15 Oz", "description": "Tomato Sauce & Puree", "list_price": 0.99}
{"product_id": "B80N7", "category": "Canned Goods & Soups", "name": "Campbells Chunky Soup Chowder Clam New England - 18.8 Oz", "description": "Canned Soups", "list_price": 3.49}
{"product_id": "OINLG", "category": "Beverages", "name": "Ocean Spray Juice Cocktail Cranberry - 64 Fl. Oz.", "description": "Cranberry Juice", "list_price": 3.99}
{"product_id": "5DIKX", "category": "Fruits & Vegetables", "name": "Blackberries Prepacked Fresh - 6 Oz", "description": "Berries", "list_price": 3.99}
{"product_id": "R0PBG", "category": "Frozen Foods", "name": "Ben & Jerrys Ice Cream Chocolate Fudge Brownie - 1 Pint", "description": "Ice Cream", "list_price": 5.79}
{"product_id": "3B6O6", "category": "Grains, Pasta, & Sides", "name": "Hunts Pasta Sauce Traditional Can - 24 Oz", "description": "Marinara Pasta Sauce", "list_price": 2.09}
{"product_id": "DTOPP", "category": "Pet Care", "name": "Cesar Canine Cuisine Filets in Sauce Filet Mignon New York Strip Flavor Tub - 12-3.5 Oz", "description": "Dog Food - Moist", "list_price": 16.19}
{"product_id": "8B68O", "category": "Cookies, Snacks, & Candy", "name": "Motts Applesauce Apple Unsweetened Cups - 6-3.9 Oz", "description": "Applesauce", "list_price": 3.69}
{"product_id": "CLDLH", "category": "Bread & Bakery", "name": "Wonder Bread Classic White Round Top - 20 Oz", "description": "Sandwich Bread", "list_price": 3.19}
{"product_id": "CFEXY", "category": "Fruits & Vegetables", "name": "Russet Potatoes Prepackaged - 10 Lb", "description": "Potatoes & Yams", "list_price": 3.99}
{"product_id": "LNLBU", "category": "Pet Care", "name": "Friskies Cat Food Seafood Variety Pack Box - 32-5.5 Oz", "description": "Cat Food - Moist", "list_price": 23.49}
{"product_id": "INC58", "category": "Baby Care", "name": "O Organics Organic Baby Food Stage 2 Banana Blueberry & Beet - 4 Oz", "description": "2nd Foods", "list_price": 1.49}
{"product_id": "CS73N", "category": "Canned Goods & Soups", "name": "Campbells Soup Condensed Cream Of Chicken - 10.5 Oz", "description": "Condensed Soups", "list_price": 1.69}
{"product_id": "OTT7P", "category": "Condiments, Spice, & Bake", "name": "C&H Sugar Cane Pure Golden Brown - 2 Lb", "description": "Sugar", "list_price": 3.59}
{"product_id": "K4FZ5", "category": "Frozen Foods", "name": "Red Baron Pizza French Bread Singles Pepperoni 2 Count - 10.8 Oz", "description": "Frozen Pizza", "list_price": 4.49}
{"product_id": "GW6ZI", "category": "Dairy, Eggs, & Cheese", "name": "Pete & Gerrys Organic Eggs Free Range Large - 12 Count", "description": "Eggs", "list_price": 6.49}
{"product_id": "J59H0", "category": "Fruits & Vegetables", "name": "O Organics Organic Baby Spinach - 16 Oz", "description": "Packaged Salads", "list_price": 5.0}
{"product_id": "BQJ2N", "category": "Dairy, Eggs, & Cheese", "name": "Fage Total 0% Yogurt Greek Nonfat Strained - 35.3 Oz", "description": "Greek Yogurt", "list_price": 7.49}
{"product_id": "WHJNN", "category": "Cookies, Snacks, & Candy", "name": "Honey Maid Grahams Honey - 14.4 Oz", "description": "Graham Crackers", "list_price": 4.99}
{"product_id": "VKIMP", "category": "Breakfast & Cereal", "name": "Lucky Charms Cereal Frosted Toasted Oat With Marshmallows Magical Unicorn Box - 10.5 Oz", "description": "Cereal", "list_price": 4.99}
{"product_id": "KLBI5", "category": "Paper, Cleaning, & Home", "name": "Hefty Trash Bag Tall Drawstring Ultra Strong Citrus Twist - 40 Count", "description": "Trash Bags", "list_price": 10.49}
{"product_id": "O64TP", "category": "Cookies, Snacks, & Candy", "name": "Oreo Chocolate Sandwich Cookies Family Size - 19.1 Oz", "description": "Variety & Multipacks", "list_price": 5.49}
{"product_id": "3R28Q", "category": "Meat & Seafood", "name": "USDA Choice Beef Filet Mignon Steak Tenderloin - 1 Lb.", "description": "Beef Steaks", "list_price": 19.99}
{"product_id": "HVVHI", "category": "Pet Care", "name": "PEDIGREE Complete Nutrition Dog Food Dry For Adult Grilled Steak & Vegetable - 20.4 Lb", "description": "Dog Food - Dry", "list_price": 16.99}
{"product_id": "I6NQP", "category": "Deli", "name": "Primo Taglio Hardwood Smoked Black Forest Ham - 0.50 Lb.", "description": "Ham", "list_price": 4.5}
{"product_id": "8Z8TG", "category": "Grains, Pasta, & Sides", "name": "Barilla Ready Pasta Penne Pouch - 8.5 Oz", "description": "Pasta Sides", "list_price": 2.49}
{"product_id": "63ACJ", "category": "Breakfast & Cereal", "name": "Kelloggs Frosted Flakes - 24 Oz", "description": "Cereal", "list_price": 6.69}
{"product_id": "ZKYBU", "category": "Baby Care", "name": "Pedialyte Electrolyte Solution Ready To Drink Grape - 33.8 Fl. Oz.", "description": "Electrolyte Solution", "list_price": 7.99}
{"product_id": "GSL5E", "category": "Deli", "name": "Primo Taglo Hickory Smoked Ham Off the Bone - 0.50 Lb.", "description": "Ham", "list_price": 4.5}
{"product_id": "MQDMU", "category": "Paper, Cleaning, & Home", "name": "Reynolds Aluminum Foil Heavy Duty 50 Sq. Ft. - Each", "description": "Foil", "list_price": 4.99}
{"product_id": "JH08L", "category": "Condiments, Spice, & Bake", "name": "MORTON Salt Iodized - 26 Oz", "description": "Salt", "list_price": 1.59}
{"product_id": "U9UKN", "category": "Condiments, Spice, & Bake", "name": "Heinz Ketchup Tomato - 38 Oz", "description": "Ketchup", "list_price": 4.59}
{"product_id": "7GQ6D", "category": "Personal Care & Health", "name": "Centrum Silver Multivitamin/Multimineral Tablets Men 50+ - 100 Count", "description": "Multi Vitamins", "list_price": 13.99}
{"product_id": "PNZ41", "category": "Frozen Foods", "name": "Ben & Jerrys Ice Cream Chocolate Chip Cookie Dough - 1 Pint", "description": "Ice Cream", "list_price": 5.79}
{"product_id": "OP2W7", "category": "Paper, Cleaning, & Home", "name": "Tide Plus Laundry Detergent Liquid Coldwater Clean Original Jug - 92 Fl. Oz.", "description": "Laundry Detergent", "list_price": 13.99}
{"product_id": "N7KF3", "category": "Condiments, Spice, & Bake", "name": "SKIPPY PB Bites Pretzel Center with Peanut Butter Coating - 5 Oz", "description": "Peanut Butter & Spreads", "list_price": 4.29}
{"product_id": "U416B", "category": "Condiments, Spice, & Bake", "name": "SKIPPY Natural Peanut Butter Spread Creamy 1/3 Less Sodium and Sugar - 15 Oz", "description": "Peanut Butter & Spreads", "list_price": 3.69}
{"product_id": "PJZPV", "category": "Personal Care & Health", "name": "Ensure Nutrition Shake Original Vanilla - 6-8 Fl. Oz.", "description": "Active Health Management", "list_price": 9.99}
{"product_id": "A8HUO", "category": "Fruits & Vegetables", "name": "Ziploc Storage Bags Quart 48 ct", "description": "Plastic Bags", "list_price": 0.99}
{"product_id": "3E00S", "category": "Bread & Bakery", "name": "Ball Park Hot Dog Buns White Pre Sliced 8 Count - 13 Oz", "description": "Hot Dog Buns", "list_price": 4.19}
{"product_id": "SHF0A", "category": "Cookies, Snacks, & Candy", "name": "PREMIUM Crackers Saltine Original - 1 Lb", "description": "Saltines", "list_price": 3.69}
{"product_id": "V4DH9", "category": "Personal Care & Health", "name": "Irish Spring Deodorant Soap Bars Original - 8-3.75 Oz", "description": "Bar Soap", "list_price": 7.99}
{"product_id": "BSI1V", "category": "Grains, Pasta, & Sides", "name": "Stove Top Stuffing Mix for Chicken - 6 Oz", "description": "Stuffing Mix", "list_price": 3.29}
{"product_id": "B7B06", "category": "Condiments, Spice, & Bake", "name": "Best Foods Mayonnaise Real Gluten Free Kosher - 30 Oz", "description": "Mayonnaise", "list_price": 5.99}
{"product_id": "Q7BWL", "category": "Condiments, Spice, & Bake", "name": "Clabber Girl Baking Powder - 8.1 Oz", "description": "Baking Soda & Powder", "list_price": 2.99}
{"product_id": "H1ZUB", "category": "Deli", "name": "Sabra Roasted Pine Nut Hummus - 10 Oz.", "description": "Deli Style Hummus", "list_price": 4.99}
{"product_id": "5RD7J", "category": "Breakfast & Cereal", "name": "Signature SELECT/Kitchens Hash Brown Patties Lightly Seasoned Shredded 10 Count - 22.5 Oz", "description": "Hash Browns", "list_price": 3.29}
{"product_id": "UDRJG", "category": "Meat & Seafood", "name": "Foster Farms Fresh & Natural Whole Chicken - 3.5 Lbs.", "description": "Chicken", "list_price": 6.97}
{"product_id": "XY91U", "category": "Condiments, Spice, & Bake", "name": "Nutella Spread Hazelnut with Cocoa - 13 Oz", "description": "Peanut Butter & Spreads", "list_price": 4.99}
{"product_id": "MT3F7", "category": "Baby Care", "name": "O Organics Organic Baby Food Stage 2 Apple Peach & Prune - 4 Oz", "description": "2nd Foods", "list_price": 1.49}
{"product_id": "G4Y5X", "category": "Dairy, Eggs, & Cheese", "name": "Horizon Organic Milk Lactose Free Reduced Fat 2% - Half Gallon", "description": "Milk - Lactose Free", "list_price": 6.99}
{"product_id": "V3YP8", "category": "Canned Goods & Soups", "name": "StarKist Tuna Albacore Solid White in Water - 5 Oz", "description": "Tuna", "list_price": 2.69}
{"product_id": "KYDJN", "category": "Bread & Bakery", "name": "Fresh Baked La Brea Take & Bake French Baguette 2 Count - 12 Oz", "description": "Baguettes & French Bread", "list_price": 3.99}
{"product_id": "S5F2I", "category": "Bread & Bakery", "name": "Alfaros Bread Artesano Style - 20 Oz", "description": "Sandwich Bread", "list_price": 4.29}
{"product_id": "ZZLFP", "category": "Paper, Cleaning, & Home", "name": "Duracell CopperTop AAA Alkaline Batteries - 8 count", "description": "Batteries", "list_price": 11.49}
{"product_id": "NJTOJ", "category": "Paper, Cleaning, & Home", "name": "Signature SELECT/Home Bags Sandwich Click & Lock Double Zipper - 90 Count", "description": "Plastic Bags", "list_price": 3.99}
{"product_id": "2CVCH", "category": "Deli", "name": "Deli Counter Chicken Salad - 1 Lb.", "description": "Deli Salads", "list_price": 6.99}
{"product_id": "UG761", "category": "Personal Care & Health", "name": "Larabar Food Bar Apple Pie - 5-1.6 Oz", "description": "Lifestyle Nutrition", "list_price": 6.99}
{"product_id": "5920Z", "category": "Bread & Bakery", "name": "Natures Own Bread Honey - 20 Oz", "description": "Sandwich Bread", "list_price": 3.99}
{"product_id": "8FA5U", "category": "Grains, Pasta, & Sides", "name": "Mutti Tomato Puree - 24.5 Oz", "description": "Tomato Sauce & Puree", "list_price": 0.99}
{"product_id": "ZZSFC", "category": "Deli", "name": "Boursin Garlic & Fine Herbs Gournay Cheese - 5.2 Oz.", "description": "Spreadable Cheese", "list_price": 5.99}
{"product_id": "2GHCW", "category": "Meat & Seafood", "name": "Ground Beef 80% Lean 20% Fat - 1.25 Lbs.", "description": "Ground Beef", "list_price": 4.99}
{"product_id": "86JQ7", "category": "Pet Care", "name": "Fancy Feast Cat Food Gourmet Classic Tender Beef Feast Can - 3 Oz", "description": "Cat Food - Moist", "list_price": 0.99}
{"product_id": "LVEN0", "category": "Canned Goods & Soups", "name": "Progresso Traditional Soup Chicken Noodle - 19 Oz", "description": "Canned Soups", "list_price": 3.29}
{"product_id": "KNQNE", "category": "Dairy, Eggs, & Cheese", "name": "INTERNATIONAL Delight Coffee Creamer Gourmet French Vanilla - 32 Fl. Oz.", "description": "Coffee Creamer", "list_price": 4.99}
{"product_id": "4VJIT", "category": "Frozen Foods", "name": "White Castle Microwaveable Hamburgers - 6 Count", "description": "Pockets & Sandwiches", "list_price": 6.29}
{"product_id": "NVXBC", "category": "Grains, Pasta, & Sides", "name": "Signature SELECT Rice Enriched Long Grain - 32 Oz", "description": "White Rice", "list_price": 1.99}
{"product_id": "H3N71", "category": "Dairy, Eggs, & Cheese", "name": "Daisy Sour Cream Pure & Natural - 16 Oz", "description": "Sour Cream", "list_price": 2.99}
{"product_id": "79WN4", "category": "Meat & Seafood", "name": "Tyson Grilled & Ready Fully Cooked Grilled Chicken Breast Strips - 22 Oz", "description": "Chicken & Turkey", "list_price": 8.99}
{"product_id": "6HPUX", "category": "Dairy, Eggs, & Cheese", "name": "Lucerne Farms Eggs Large Grade AA Family Pack - 18 Count", "description": "Eggs", "list_price": 6.99}
{"product_id": "512X2", "category": "Canned Goods & Soups", "name": "SPAM Classic - 12 Oz", "description": "Luncheon Meat", "list_price": 4.29}
{"product_id": "DHNW3", "category": "Personal Care & Health", "name": "Depend Underwear For Women Maximum Absorbency Extra Large - 15 Count", "description": "Adult Care", "list_price": 16.99}
{"product_id": "R8M1V", "category": "Deli", "name": "Signature Cafe Traditional Whole Rotisserie Chicken Hot - Each", "description": "Deli Side Dishes & Meals", "list_price": 7.99}
{"product_id": "QTY42", "category": "Fruits & Vegetables", "name": "Ziploc Storage Bags Gallon 38 ct", "description": "Plastic Bags", "list_price": 0.99}
{"product_id": "MX5D9", "category": "Breakfast & Cereal", "name": "Kelloggs Corn Flakes Cereal - 18 Oz", "description": "Cereal", "list_price": 5.99}
{"product_id": "W1HC2", "category": "Dairy, Eggs, & Cheese", "name": "Egglands Best Eggs Large - 12 Count", "description": "Eggs", "list_price": 4.99}
{"product_id": "75STJ", "category": "Grains, Pasta, & Sides", "name": "Botan Rice Calrose - 10 Lb", "description": "Calrose Rice", "list_price": 11.99}
{"product_id": "TBV62", "category": "Meat & Seafood", "name": "Jimmy Dean Fully Cooked Original Pork Sausage Links 12 Count - 9.6 Oz", "description": "Breakfast Sausage", "list_price": 5.99}
{"product_id": "8NDN8", "category": "Meat & Seafood", "name": "Tyson Anytizers Buffalo Boneless Chicken Bites - 24 Oz", "description": "Chicken & Turkey", "list_price": 0.99}
{"product_id": "035MH", "category": "Grains, Pasta, & Sides", "name": "Annies Homegrown Macaroni & Cheese Shells & White Cheddar Box - 6 Oz", "description": "Macaroni & Cheese Boxed", "list_price": 2.79}
{"product_id": "7BWW9", "category": "Beverages", "name": "Monster Energy Drink Original - 10-16 Fl. Oz.", "description": "Energy Drinks & Shots", "list_price": 18.99}
{"product_id": "YIGNT", "category": "Meat & Seafood", "name": "Ground Beef 80% Lean 20% Fat Value Pack - 3.50 Lbs.", "description": "Ground Beef", "list_price": 3.99}
{"product_id": "8HUQ4", "category": "Grains, Pasta, & Sides", "name": "RAGU Old World Style Pasta Sauce Traditional Jar - 24 Oz", "description": "Marinara Pasta Sauce", "list_price": 2.99}
{"product_id": "3K7ZD", "category": "Condiments, Spice, & Bake", "name": "Jif Peanut Butter Creamy - 28 Oz", "description": "Peanut Butter & Spreads", "list_price": 5.99}
{"product_id": "DVJHC", "category": "Dairy, Eggs, & Cheese", "name": "Horizon Organic Half & Half - 32 Fl. Oz.", "description": "Half & Half", "list_price": 6.99}
{"product_id": "H9ZS8", "category": "Fruits & Vegetables", "name": "Avocados Hass Large", "description": "Avocados", "list_price": 2.0}
{"product_id": "58OU3", "category": "Frozen Foods", "name": "Banquet Brown N Serve Sausage Links Fully Cooked Original 10 Count - 6.4 Oz", "description": "Breakfast Sausage", "list_price": 2.39}
{"product_id": "KQ2IA", "category": "Pet Care", "name": "Signature Pet Care Cat Litter Lightweight Clumping Unscented Multiple Cat - 10 Lb", "description": "Litter & Deodorant", "list_price": 7.99}
{"product_id": "GXQ8Q", "category": "Baby Care", "name": "O Organics Organic Baby Food Stage 2 Pear Mango & Spinach - 4 Oz", "description": "2nd Foods", "list_price": 1.49}
{"product_id": "OF4I9", "category": "Paper, Cleaning, & Home", "name": "Ziploc Storage Bags Quart 48 ct", "description": "Plastic Bags", "list_price": 5.99}
{"product_id": "1ZKKL", "category": "Paper, Cleaning, & Home", "name": "Tide Plus Laundry Detergent Liquid HE Turbo Clean Downy April Fresh - 92 Fl. Oz.", "description": "Laundry Detergent", "list_price": 13.99}
{"product_id": "FDVH8", "category": "Condiments, Spice, & Bake", "name": "Hidden Valley The Original Ranch Topping & Dressing Squeeze Bottle - 20 Fl. Oz.", "description": "Bottled Dressings", "list_price": 5.79}
{"product_id": "OE915", "category": "Paper, Cleaning, & Home", "name": "Tide Plus PODS Detergent Pacs 4In1 With Downy April Fresh - 15 Count", "description": "Laundry Detergent", "list_price": 7.99}
{"product_id": "BNGIK", "category": "Bread & Bakery", "name": "Oroweat Bread Whole Grains 100% Whole Wheat - 24 Oz", "description": "Sandwich Bread", "list_price": 4.99}
{"product_id": "W5ZXA", "category": "Frozen Foods", "name": "Red Baron Pizza Classic Crust Four Cheese - 21.06 Oz", "description": "Frozen Pizza Multi-Serve", "list_price": 5.99}
{"product_id": "ED2FO", "category": "Baby Care", "name": "Plum Organics Baby Food Stage 2 Broccoli & Apple - 4.22 Oz", "description": "2nd Foods", "list_price": 1.99}
{"product_id": "SOKGZ", "category": "Breakfast & Cereal", "name": "Eggo Waffles Buttermilk 10 Count - 12.3 Oz", "description": "Waffles", "list_price": 3.33}
{"product_id": "XQUM7", "category": "Grains, Pasta, & Sides", "name": "BERTOLLI Rustic Cut Pasta Sauce with Hearty Vegetables Spicy Marinara Jar - 23 Oz", "description": "Vegetable Pasta Sauce", "list_price": 4.99}
{"product_id": "P47CN", "category": "Cookies, Snacks, & Candy", "name": "Fritos Corn Chips The Original - 9.25 Oz", "description": "Corn Chips", "list_price": 3.99}
{"product_id": "JAPPU", "category": "Cookies, Snacks, & Candy", "name": "Honey Maid Grahams Honey Family Size - 25.6 Oz", "description": "Graham Crackers", "list_price": 5.99}
{"product_id": "C2X37", "category": "Frozen Foods", "name": "Marie Callenders Entree Fettuccini With Chicken & Broccoli - 13 Oz", "description": "Frozen Meals", "list_price": 4.49}
{"product_id": "LEXZS", "category": "Dairy, Eggs, & Cheese", "name": "Egglands Best Eggs Cage Free Large Brown - 12 Count", "description": "Eggs", "list_price": 5.29}
{"product_id": "HW481", "category": "Meat & Seafood", "name": "USDA Choice Beef Top Loin New York Strip Steak Bone In Value Pack - 3.5 Lbs. (approx. weight)", "description": "Beef Steaks", "list_price": 34.97}
{"product_id": "5LJYY", "category": "Baby Care", "name": "O Organics Organic Baby Food Stage 2 Pears Peas & Broccoli - 4 Oz", "description": "2nd Foods", "list_price": 1.49}
{"product_id": "W4HR9", "category": "Personal Care & Health", "name": "Dial Deodorant Soap Bars White - 8-4 Oz", "description": "Bar Soap", "list_price": 7.99}
{"product_id": "581IO", "category": "Fruits & Vegetables", "name": "Mandarins Clementines Tangerines Prepackaged - 3 Lb", "description": "Citrus", "list_price": 5.99}
{"product_id": "58PB2", "category": "Grains, Pasta, & Sides", "name": "Barilla Pasta Sauce Pesto Traditional Basil Jar - 6 Oz", "description": "Pesto", "list_price": 3.69}
{"product_id": "TUSKH", "category": "Deli", "name": "Primo Taglio Ham Off the Bone - 16 Oz.", "description": "Ham", "list_price": 7.99}
{"product_id": "EEHTM", "category": "Bread & Bakery", "name": "Signature SELECT Bread Sourdough - 24 Oz", "description": "Sandwich Bread", "list_price": 3.29}
{"product_id": "O5OUG", "category": "Deli", "name": "Primo Taglio Mesquite Smoked Turkey Breast - 0.50 Lb.", "description": "Turkey", "list_price": 4.5}
{"product_id": "TTMTO", "category": "Fruits & Vegetables", "name": "Fresh Gourmet Cranberries & Glazed Walnuts - 3.5 Oz", "description": "Croutons & Toppings", "list_price": 3.99}
{"product_id": "ZUHO3", "category": "Cookies, Snacks, & Candy", "name": "Nilla Wafers - 8-11 Oz", "description": "Cookies", "list_price": 4.99}
{"product_id": "XBNP5", "category": "Condiments, Spice, & Bake", "name": "SKIPPY Peanut Butter Spread Creamy Reduced Fat - 16.3 Oz", "description": "Peanut Butter & Spreads", "list_price": 3.69}
{"product_id": "Y2HKP", "category": "Fruits & Vegetables", "name": "Green Bell Peppers", "description": "Peppers", "list_price": 0.99}
{"product_id": "CHIV4", "category": "Fruits & Vegetables", "name": "Russet Potatoes", "description": "Potatoes & Yams", "list_price": 0.99}
{"product_id": "4P6ZD", "category": "Meat & Seafood", "name": "Jimmy Dean Fully Cooked Turkey Sausage Links 12 Count - 9.6 Oz", "description": "Breakfast Sausage", "list_price": 5.99}
{"product_id": "B8AAL", "category": "Deli", "name": "Primo Taglio Over Roasted Chicken Breast - 16 Oz.", "description": "Chicken", "list_price": 7.99}
{"product_id": "ZML2R", "category": "Frozen Foods", "name": "Ben & Jerrys Ice Cream Cherry Garcia - 1 Pint", "description": "Ice Cream", "list_price": 5.79}
{"product_id": "3BPK2", "category": "Paper, Cleaning, & Home", "name": "Ziploc Freezer Bag Quart 38 ct", "description": "Plastic Bags", "list_price": 5.99}
{"product_id": "GXYWF", "category": "Pet Care", "name": "Freshpet Select Dog Food Fresh From The Kitchen Home Cooked Chicken Recipe Pouch - 1.75 Lb", "description": "Dog Food - Moist", "list_price": 8.89}
{"product_id": "2HA90", "category": "Paper, Cleaning, & Home", "name": "Downy Ultra Fabric Softener Liquid April Fresh - 103 Fl. Oz.", "description": "Fabric Softener", "list_price": 13.79}
{"product_id": "RDXAE", "category": "Meat & Seafood", "name": "Oscar Mayer Center Cut Bacon Original - 12 Oz.", "description": "Bacon", "list_price": 8.99}
{"product_id": "9DA7J", "category": "Baby Care", "name": "Pampers Complete Clean Baby Wipes Baby Fresh Scent 7 Pack - 504 Count", "description": "Wipes & Diaper Refills", "list_price": 17.99}
{"product_id": "KGIKP", "category": "Condiments, Spice, & Bake", "name": "Bobs Red Mill Flour Bread Artisan - 5 Lb", "description": "Flour", "list_price": 5.59}
{"product_id": "ALCBL", "category": "Breakfast & Cereal", "name": "Jimmy Dean Sausage Egg & Cheese Croissant Sandwiches 8 Count", "description": "Breakfast Sandwiches", "list_price": 10.99}
{"product_id": "3AFAV", "category": "Paper, Cleaning, & Home", "name": "Ziploc Storage Bags Gallon 38 ct", "description": "Plastic Bags", "list_price": 5.99}
{"product_id": "74HC1", "category": "Meat & Seafood", "name": "Tyson Fully Cooked Breaded Chicken Nuggets - 32 Oz", "description": "Chicken & Turkey", "list_price": 7.99}
{"product_id": "Y56S6", "category": "Baby Care", "name": "Pedialyte Electrolyte Solution Ready To Drink Strawberry - 33.8 Fl. Oz.", "description": "Electrolyte Solution", "list_price": 7.99}
{"product_id": "CXMA9", "category": "Canned Goods & Soups", "name": "Campbells Soup Condensed Chicken Noodle - 10.75 Oz", "description": "Condensed Soups", "list_price": 1.49}
{"product_id": "TAWAM", "category": "Beverages", "name": "DASANI Purified Water - 24-16.9 Fl. Oz.", "description": "Still Water", "list_price": 5.99}
{"product_id": "93NRR", "category": "Breakfast & Cereal", "name": "Quaker Oatmeal Instant Flavor Variety - 10-1.51 Oz", "description": "Oatmeal & Hot Cereal", "list_price": "TODO"}
{"product_id": "Y1UJJ", "category": "Personal Care & Health", "name": "Ricola Throat Drops Herb Lemon Mint Sugar Free - 19 Count", "description": "Cough & Throat Relief", "list_price": 2.99}
{"product_id": "CNPR0", "category": "Bread & Bakery", "name": "Entenmanns Minis Pound Cake 6 Count - 9.25 Oz", "description": "Bakery Snacks", "list_price": 4.99}
{"product_id": "JTO6X", "category": "Meat & Seafood", "name": "SeaPak Shrimp Butterfly Jumbo - 9 Oz", "description": "Seafood", "list_price": 8.99}
{"product_id": "ZQX4M", "category": "Bread & Bakery", "name": "Thomas Bagels Cinnamon Raisin Pre Sliced 6 Count - 20 Oz", "description": "Bagels", "list_price": 4.99}
{"product_id": "8YAY3", "category": "Dairy, Eggs, & Cheese", "name": "Lucerne Farms Eggs Large - 12 Count", "description": "Eggs", "list_price": "TBD"}
{"product_id": "N77B9", "category": "Fruits & Vegetables", "name": "Ziploc Storage Bags Gallon 19 ct", "description": "Plastic Bags", "list_price": 0.99}
{"product_id": "EEOQA", "category": "Canned Goods & Soups", "name": "Dole Pineapple Chunks in 100% Pineapple Juice - 20 Oz", "description": "Pineapple", "list_price": 2.79}
{"product_id": "LODFL", "category": "Paper, Cleaning, & Home", "name": "Ziploc Freezer Bags Gallon 28 ct", "description": "Plastic Bags", "list_price": 5.99}
{"product_id": "FA3EA", "category": "Grains, Pasta, & Sides", "name": "Rana Fettuccine - 9 Oz", "description": "Fettuccine", "list_price": 2.99}
{"product_id": "SSJWN", "category": "Beverages", "name": "Pepsi Diet Soda - 12-12 Fl. Oz.", "description": "Cola", "list_price": 6.99}
{"product_id": "73MZ9", "category": "Baby Care", "name": "O Organics Organic Baby Food Stage 2 Butternut Squash & Apple - 4 Oz", "description": "2nd Foods", "list_price": 1.49}
{"product_id": "6YHZC", "category": "Deli", "name": "Ziploc Storage Bags Gallon 19 ct", "description": "Plastic Bags", "list_price": 0.99}
{"product_id": "46HCV", "category": "Canned Goods & Soups", "name": "Swanson Broth Chicken - 32 Oz", "description": "Broth & Stocks", "list_price": 3.79}
{"product_id": "YDFT3", "category": "Breakfast & Cereal", "name": "Cheerios Cereal Toasted Whole Grain Oat - 18 Oz", "description": "Cereal", "list_price": 5.79}
{"product_id": "5YV6H", "category": "Beverages", "name": "Coffeemate Coffee Creamer Original - 35.3 Oz", "description": "Coffee Creamers", "list_price": "TBD"}
{"product_id": "W2KMW", "category": "Beverages", "name": "Red Bull Energy Drink Sugar Free - 12-8.4 Fl. Oz.", "description": "Energy Drinks & Shots", "list_price": 22.99}
{"product_id": "VMJYN", "category": "Deli", "name": "Sabra Classic Hummus - 10 Oz.", "description": "Deli Style Hummus", "list_price": 4.99}
{"product_id": "KNJZ6", "category": "Condiments, Spice, & Bake", "name": "SKIPPY Peanut Butter Spread Super Chunk Extra Crunchy - 16.3 Oz", "description": "Peanut Butter & Spreads", "list_price": 3.69}
{"product_id": "M3XI5", "category": "Frozen Foods", "name": "Lean Cuisine Comfort Entree Roasted Turkey Breast - 9.75 Oz", "description": "Frozen Meals Wellness", "list_price": 3.99}
{"product_id": "PZKL4", "category": "Frozen Foods", "name": "STOUFFERS Classics Meal Meatloaf - 9.875 Oz", "description": "Frozen Meals", "list_price": 3.99}
{"product_id": "9V8FF", "category": "Breakfast & Cereal", "name": "Nature Valley Granola Bars Crunchy Oats n Honey - 6-1.49 Oz", "description": "Granola Bars", "list_price": 3.99}
{"product_id": "EVXJD", "category": "Bread & Bakery", "name": "Signature SELECT Bread Nut & Grain - 24 Oz", "description": "Sandwich Bread", "list_price": 3.29}
{"product_id": "2MXVD", "category": "Cookies, Snacks, & Candy", "name": "Chips Ahoy! Cookies Chocolate Chip Original - 13 Oz", "description": "Cookies", "list_price": 3.99}
{"product_id": "CYF1L", "category": "Personal Care & Health", "name": "CLIF Energy Bar Crunchy Peanut Butter - 6-2.4 Oz", "description": "Sport Nutrition & Energy", "list_price": 6.99}
{"product_id": "LEEVP", "category": "Bread & Bakery", "name": "Thomas Bagels Plain Pre Sliced 6 Count - 20 Oz", "description": "Bagels", "list_price": 4.99}
{"product_id": "L4H3G", "category": "Cookies, Snacks, & Candy", "name": "ROLD GOLD Pretzels Sticks Original - 16 Oz", "description": "Pretzels", "list_price": 3.29}
{"product_id": "SSYOY", "category": "Dairy, Eggs, & Cheese", "name": "O Organics Organic Milk - 1 Gallon", "description": "Milk", "list_price": 7.99}
{"product_id": "M54RL", "category": "Grains, Pasta, & Sides", "name": "Stove Top Stuffing Mix Savory Herbs - 6 Oz", "description": "Stuffing Mix", "list_price": 3.29}
{"product_id": "DBNI8", "category": "Bread & Bakery", "name": "Thomas Nooks & Crannies English Muffins Original Plain 6 Count - 13 Oz", "description": "English Muffins", "list_price": 4.49}
{"product_id": "U0BKO", "category": "Dairy, Eggs, & Cheese", "name": "Lucerne Unsalted Sweet Cream Butter Quarters - 16 Oz", "description": "Butter", "list_price": 4.99}
{"product_id": "K0QEE", "category": "Grains, Pasta, & Sides", "name": "Signature SELECT Rice Enriched Long Grain - 5 Lb", "description": "White Rice", "list_price": 4.39}
{"product_id": "V059U", "category": "Dairy, Eggs, & Cheese", "name": "Lucerne Milk Whole 1 Gallon - 128 Fl. Oz.", "description": "Milk", "list_price": 4.49}
{"product_id": "Y6YC8", "category": "Beverages", "name": "Red Bull Energy Drink Sugar Free - 12-8.4 Fl. Oz.", "description": "Energy Drinks & Shots", "list_price": 22.99}
{"product_id": "5KX5O", "category": "Bread & Bakery", "name": "Thomas Bagels Everything Pre Sliced 6 Count - 20 Oz", "description": "Bagels", "list_price": 4.99}
{"product_id": "8VPBX", "category": "Beverages", "name": "Red Bull Energy Drink - 12-8.4 Fl. Oz.", "description": "Energy Drinks & Shots", "list_price": 22.99}
{"product_id": "7S3OW", "category": "Frozen Foods", "name": "White Castle Microwaveable Cheeseburgers - 8 Count", "description": "Pockets & Sandwiches", "list_price": 13.49}
{"product_id": "IN3KL", "category": "Canned Goods & Soups", "name": "StarKist Tuna Chunk Light in Water - 5 Oz", "description": "Tuna", "list_price": 1.79}
{"product_id": "L3D8C", "category": "Beverages", "name": "Coke Zero Sugar Diet Soda Soft Drink, 12 fl oz, 12 Pack", "description": "Cola", "list_price": 6.99}
{"product_id": "1O9DX", "category": "Cookies, Snacks, & Candy", "name": "Wheat Thins Snacks Original Family Size! - 16 Oz", "description": "Wheat Crackers", "list_price": 4.99}
{"product_id": "JO6NT", "category": "Condiments, Spice, & Bake", "name": "O Organics Organic Honey - 16 Oz", "description": "Honey & Agave Nectar", "list_price": 7.49}
{"product_id": "M14FR", "category": "Deli", "name": "Wholly Guacamole Classic Minis - 4 Count", "description": "Deli Style Guacamole", "list_price": 5.99}
{"product_id": "WLXV4", "category": "Baby Care", "name": "Plum Organics Baby Food Stage 2 Pumpkin & Banana - 4.22 Oz", "description": "2nd Foods", "list_price": 1.99}
{"product_id": "56LQ1", "category": "Canned Goods & Soups", "name": "Signature SELECT Pear Slices Bartlett in 100% Pear Juice - 15 Oz", "description": "Pears", "list_price": 1.99}
{"product_id": "3WJU2", "category": "Condiments, Spice, & Bake", "name": "SKIPPY Natural Peanut Butter Spread Super Chunk Extra Crunchy - 15 Oz", "description": "Peanut Butter & Spreads", "list_price": 3.69}
{"product_id": "4KRU8", "category": "Paper, Cleaning, & Home", "name": "Ziploc Storage Bags Gallon 19 ct", "description": "Plastic Bags", "list_price": 4.59}
{"product_id": "SUY4D", "category": "Cookies, Snacks, & Candy", "name": "Lays Potato Chips Classic - 8 Oz", "description": "Potato Chips & Crisps", "list_price": 3.79}
{"product_id": "9S30I", "category": "Baby Care", "name": "Pampers Baby Dry Diapers Super Pack Size 5 - 78 Count", "description": "Diapers - Size 5", "list_price": 26.99}
{"product_id": "0U8WK", "category": "Condiments, Spice, & Bake", "name": "SKIPPY Natural Peanut Butter Spread Creamy - 40 Oz", "description": "Peanut Butter & Spreads", "list_price": 7.99}
{"product_id": "SLEL5", "category": "Meat & Seafood", "name": "Hormel Black Label Bacon Original - 16 Oz", "description": "Bacon", "list_price": 8.99}
{"product_id": "RFBU9", "category": "Meat & Seafood", "name": "Hormel Pepperoni Turkey - 5 Oz", "description": "Salami & Pepperoni", "list_price": 4.99}
{"product_id": "17PRY", "category": "Deli", "name": "Sargento Cheese Slices Deli Style Provolone 12 Count - 8 Oz", "description": "Sandwich Cheese", "list_price": 5.99}
{"product_id": "7NZ9Q", "category": "Canned Goods & Soups", "name": "Progresso Rich & Hearty Soup Chicken & Homestyle Noodles - 19 Oz", "description": "Canned Soups", "list_price": 3.29}
{"product_id": "S1OKU", "category": "Paper, Cleaning, & Home", "name": "Signature SELECT Spoons Plastic Everyday Heavy Duty Box - 48 Count", "description": "Cutlery", "list_price": 1.99}
{"product_id": "XLH3C", "category": "Pet Care", "name": "Meow Mix Cat Food Dry Original Choice - 3.15 Lb", "description": "Cat Food - Dry", "list_price": 6.29}
{"product_id": "WGTLD", "category": "Bread & Bakery", "name": "Fresh Baked La Brea Take & Bake French Baguette 2 Count - 12 Oz", "description": "Baguettes & French Bread", "list_price": 3.99}
{"product_id": "UF431", "category": "Bread & Bakery", "name": "Daves Killer Bread Organic Light Whole Grain - 20.5 Oz", "description": "Sandwich Bread", "list_price": 5.89}
{"product_id": "RFGWT", "category": "Personal Care & Health", "name": "Ivory Bar Soap Pure Clean & Simple Original - 10 - 4 Oz.", "description": "Bar Soap", "list_price": 8.99}
{"product_id": "WFT9G", "category": "Baby Care", "name": "Pedialyte Electrolyte Powder Strawberry Lemonade - 6-0.6 Oz", "description": "Electrolyte Solution", "list_price": 11.99}
{"product_id": "A46O7", "category": "Deli", "name": "Sargento Cheese Slices Deli Style Medium Cheddar 11 Count - 8 Oz", "description": "Sandwich Cheese", "list_price": 5.99}
{"product_id": "4OQJ1", "category": "Grains, Pasta, & Sides", "name": "Classico Pasta Sauce Roasted Garlic Jar - 24 Oz", "description": "Marinara Pasta Sauce", "list_price": 3.59}
{"product_id": "BNWJE", "category": "Paper, Cleaning, & Home", "name": "Swiffer Dusters Refills Multi Surface - 10 Count", "description": "Sweepers & Supplies", "list_price": 10.99}
{"product_id": "8UCWX", "category": "Condiments, Spice, & Bake", "name": "SKIPPY Natural Peanut Butter Spread Creamy - 40 Oz", "description": "Peanut Butter & Spreads", "list_price": 7.99}
{"product_id": "OS9YR", "category": "Condiments, Spice, & Bake", "name": "Hidden Valley The Original Ranch Dressing - 36 Fl. Oz.", "description": "Bottled Dressings", "list_price": 8.59}
{"product_id": "5I2NI", "category": "Frozen Foods", "name": "White Castle Microwaveable Cheeseburgers - 6 Count", "description": "Pockets & Sandwiches", "list_price": 6.29}
{"product_id": "P39SF", "category": "Fruits & Vegetables", "name": "Signature Farms Baby-Cut Peeled Carrots - 16 Oz", "description": "Carrots", "list_price": 1.79}
{"product_id": "N1Z3S", "category": "Meat & Seafood", "name": "Signature Farms Beef Corned Beef Brisket Flat Cut - 3.50 LB", "description": "Smoked & Cured Beef", "list_price": 22.72}
{"product_id": "2MQBL", "category": "Cookies, Snacks, & Candy", "name": "Oreo Chocolate Sandwich Cookies Double Stuff Family Size - 20 Oz", "description": "Sandwich Cookies", "list_price": 5.49}
{"product_id": "NRL6E", "category": "Paper, Cleaning, & Home", "name": "Finish Jet Dry Rinse Aid 5x Power Shine & Protect Bottle - 8.45 Fl. Oz.", "description": "Dishwasher Additives", "list_price": 5.79}
{"product_id": "AJYXD", "category": "Deli", "name": "President Brie Cheese Mini Wheel - 8 Oz.", "description": "Brie & Camembert Cheese", "list_price": 8.99}
{"product_id": "DW4BN", "category": "Dairy, Eggs, & Cheese", "name": "O Organics Organic Eggs Large Brown - 18 Count", "description": "Eggs", "list_price": 7.99}
{"product_id": "SFD2A", "category": "Grains, Pasta, & Sides", "name": "Kraft Macaroni & Cheese Dinner Deluxe Original Cheddar Box - 14 Oz", "description": "Macaroni & Cheese Boxed", "list_price": 5.99}
{"product_id": "BLPK9", "category": "Personal Care & Health", "name": "HALLS Cough Suppressant Drops Triple Soothing Action Cherry - 30 Count", "description": "Cough & Throat Relief", "list_price": 3.49}
{"product_id": "WSJJC", "category": "Beverages", "name": "Simply Orange Juice Medium Pulp Calcium & Vitamin D - 52 Fl. Oz.", "description": "Orange Juice", "list_price": 5.29}
{"product_id": "A84LU", "category": "Fruits & Vegetables", "name": "Roma Red Tomatoes", "description": "Tomatoes", "list_price": 0.99}
{"product_id": "GN11E", "category": "Grains, Pasta, & Sides", "name": "Signature SELECT Beans Pinto Dry - 16 Oz", "description": "Pinto Beans", "list_price": 2.99}
{"product_id": "90N22", "category": "Bread & Bakery", "name": "Entenmanns Minis Pound Cake 6 Count - 9.25 Oz", "description": "Bakery Snacks", "list_price": 4.99}
{"product_id": "37YQC", "category": "Personal Care & Health", "name": "Ensure Nutrition Shake Original Ready To Drink Milk Chocolate - 16-8 Fl. Oz.", "description": "Active Health Management", "list_price": 26.99}
{"product_id": "PSYJY", "category": "Cookies, Snacks, & Candy", "name": "Frito-Lay Snacks Variety Classic Mix - 18 Count", "description": "Variety & Multipacks", "list_price": 8.99}
{"product_id": "JXKTO", "category": "Personal Care & Health", "name": "Larabar Food Bar Apple Pie - 5-1.6 Oz", "description": "Lifestyle Nutrition", "list_price": 6.99}
{"product_id": "2OIFC", "category": "Pet Care", "name": "PEDIGREE Dog Food Dry For Small Dog Nutrition Roasted Chicken Rice & Vegetable Bag - 15.9 Lb", "description": "Dog Food - Dry", "list_price": 16.99}
{"product_id": "5LXR0", "category": "Pet Care", "name": "Tidy Cats Cat Litter 24/7 Performance Clumping for Multiple Cats LightWeight Jug - 8.5 Lb", "description": "Litter & Deodorant", "list_price": 15.39}
{"product_id": "M7UAU", "category": "Paper, Cleaning, & Home", "name": "Scotch-Brite Sponges Scrub Non-Scratch Pack - 3 Count", "description": "Sweepers & Supplies", "list_price": 4.99}
{"product_id": "TTXEH", "category": "Beverages", "name": "Peets Coffee Coffee Ground Deep Roast French Roast - 12 Oz", "description": "Coffee - Ground", "list_price": 10.99}
{"product_id": "A8OWO", "category": "Fruits & Vegetables", "name": "On The Vine Red Tomatoes", "description": "Tomatoes", "list_price": 0.99}
{"product_id": "G08JV", "category": "Bread & Bakery", "name": "Fresh Baked Blueberry Muffins - 4 Count", "description": "Muffins & Scones", "list_price": 5.99}
{"product_id": "IRG32", "category": "Frozen Foods", "name": "Red Baron Pizza Classic Crust Pepperoni - 20.6 Oz", "description": "Frozen Pizza Multi-Serve", "list_price": 5.99}
{"product_id": "GQCKF", "category": "Paper, Cleaning, & Home", "name": "Ziploc Storage Bags Quart 48 ct", "description": "Plastic Bags", "list_price": 5.99}
{"product_id": "V6BKZ", "category": "Beverages", "name": "Diet Coke Soda Cans - 20-12 Fl. Oz.", "description": "Cola", "list_price": 9.99}
{"product_id": "YGKLY", "category": "Fruits & Vegetables", "name": "Yellow Onions Prepackaged - 3 Lb", "description": "Onions & Garlic", "list_price": 2.99}
{"product_id": "5E7NW", "category": "Frozen Foods", "name": "White Castle Microwaveable Cheeseburgers - 8 Count", "description": "Pockets & Sandwiches", "list_price": 13.49}
{"product_id": "5UUXB", "category": "Deli", "name": "Frigo Cheese Heads Mozzarella String Cheese 24 Pack - 24 Oz", "description": "Snacking Cheese", "list_price": 9.99}
{"product_id": "VXUX0", "category": "Condiments, Spice, & Bake", "name": "SKIPPY Peanut Butter Spread Super Chunk Extra Crunchy - 16.3 Oz", "description": "Peanut Butter & Spreads", "list_price": 3.69}
{"product_id": "E8K8K", "category": "Grains, Pasta, & Sides", "name": "Buitoni Three Cheese Tortellini - 20 Oz.", "description": "Tortellini & Ravioli", "list_price": 8.99}
{"product_id": "TJHLQ", "category": "Fruits & Vegetables", "name": "Broccoli Crowns - 1 Lb.", "description": "Broccoli & Cauliflower", "list_price": 1.99}
{"product_id": "3QQEP", "category": "Pet Care", "name": "Purina ONE SMARTBLEND Adult Dry Dog Food Premium Chicken & Rice Formula- 16.5 Lb", "description": "Dog Food - Dry", "list_price": 26.99}
{"product_id": "WZO4R", "category": "Grains, Pasta, & Sides", "name": "Idahoan Potatoes Mashed Buttery Homestyle Pouch - 4 Oz", "description": "Mashed Potatoes", "list_price": 1.99}
{"product_id": "L6E00", "category": "Cookies, Snacks, & Candy", "name": "Doritos Tortilla Chips Nacho Cheese Party Size - 15 Oz", "description": "Tortilla Chips", "list_price": 5.29}
{"product_id": "PZ2E2", "category": "Frozen Foods", "name": "O Organics Organic Peas Green - 16 Oz", "description": "Frozen Vegetables", "list_price": 2.99}
{"product_id": "8CA8L", "category": "Frozen Foods", "name": "Open Nature Pizza Cauliflower Crust Vegetable Gluten Free Frozen - 10.8 Oz", "description": "Frozen Pizza Multi-Serve", "list_price": 7.99}
{"product_id": "WEBBJ", "category": "Breakfast & Cereal", "name": "Simply Potatoes Shredded Hash Browns - 20 Oz", "description": "Hash Browns", "list_price": 3.69}
{"product_id": "PRWDW", "category": "Canned Goods & Soups", "name": "Signature SELECT Tomato Paste - 6 Oz", "description": "Tomato Paste", "list_price": 0.99}
{"product_id": "C2562", "category": "Personal Care & Health", "name": "Zyrtec Tablets Allergy Reliff 10mg - 70 Count", "description": "Allergy - Adult", "list_price": 0.99}
{"product_id": "ER571", "category": "Bread & Bakery", "name": "Oroweat Bread Country Potato - 24 Oz", "description": "Sandwich Bread", "list_price": 4.99}
{"product_id": "IXCU9", "category": "Meat & Seafood", "name": "Hillshire Farm Ultra Thin Oven Roasted Turkey Breast - 9 Oz.", "description": "Lunch Meat", "list_price": 4.99}
{"product_id": "LXJML", "category": "Bread & Bakery", "name": "San Luis Sourdough Bread Deli - 24 Oz", "description": "Baguettes & French Bread", "list_price": 4.69}
{"product_id": "ZFFU7", "category": "Frozen Foods", "name": "Stouffers Family Size Lasagna With Meat & Sauce - 38 Oz", "description": "Frozen Meals Multi-Serve", "list_price": 10.49}
{"product_id": "0HZF8", "category": "Grains, Pasta, & Sides", "name": "Barilla Ready Pasta Rotini Pouch - 8.5 Oz", "description": "Pasta Sides", "list_price": 2.49}
{"product_id": "Y7KB7", "category": "Baby Care", "name": "Pull-Ups Training Pants Learning Designs 4T-5T Day & Night Disney Pixar - 56 Count", "description": "Training Pants", "list_price": 32.99}
{"product_id": "8SVE8", "category": "Beverages", "name": "Celestial Seasonings Herbal Tea Bags Caffeine Free Honey Vanilla Chamomile 20 Count - 1.7 Oz", "description": "Tea Bags", "list_price": 0.99}
{"product_id": "28PAO", "category": "Personal Care & Health", "name": "Dial Silk & Orchid Body Wash - 16 Fl. Oz.", "description": "Body Wash", "list_price": 7.99}
{"product_id": "JY2QU", "category": "Meat & Seafood", "name": "Nathans Famous Skinless Beef Franks - 14 Oz", "description": "Hot Dogs & Franks", "list_price": 7.99}
{"product_id": "1S7VD", "category": "Deli", "name": "Signature Cafe Chicken Noodle Soup - 24 Oz.", "description": "Deli Soups", "list_price": 5.99}
{"product_id": "ZWBXI", "category": "Canned Goods & Soups", "name": "Nongshim Spicy Chicken Flavored Noodle Bowl Soup - 3.03 Oz", "description": "Instant Ramen & Noodles", "list_price": 1.49}
{"product_id": "BZ2IX", "category": "Dairy, Eggs, & Cheese", "name": "Lucerne Cheese Cream - 8 Oz", "description": "Cream Cheese", "list_price": 2.49}
{"product_id": "8IDLX", "category": "Pet Care", "name": "IAMS Proactive Health Dog Food Mini Chunks Bag - 15 Lb", "description": "Dog Food - Dry", "list_price": 26.29}
{"product_id": "QZPF5", "category": "Grains, Pasta, & Sides", "name": "Mahatma Rice Jasmine - 32 Oz", "description": "Jasmine Rice", "list_price": 4.19}
{"product_id": "7PU2X", "category": "Frozen Foods", "name": "Banquet Brown N Serve Sausage Links Fully Cooked Maple 10 Count - 6.4 Oz", "description": "Breakfast Sausage", "list_price": 2.39}
{"product_id": "57TK1", "category": "Bread & Bakery", "name": "La Brea Bakery Baguette French - 12.5 Oz", "description": "Baguettes & French Bread", "list_price": 0.99}
{"product_id": "Y5ZMA", "category": "Baby Care", "name": "Signature Care Diapers Leakage Protection Size 6 35 Lb Plus - 64 Count", "description": "Diapers - Size 6 & Above", "list_price": 19.49}
{"product_id": "DEG4O", "category": "Breakfast & Cereal", "name": "Cheerios Cereal Whole Grain Oats Honey Nut Box - 10.8 Oz", "description": "Cereal", "list_price": 4.49}
{"product_id": "Q2MWM", "category": "Pet Care", "name": "Purina Cat Chow Cat Food Adult Indoor - 3.15 LB", "description": "Cat Food - Dry", "list_price": 6.99}
{"product_id": "AIY7S", "category": "Paper, Cleaning, & Home", "name": "Toilet Paper White Bathroom Tissue 100g (White 15Rolls)", "description": "Toilet Paper", "list_price": 17.39}
{"product_id": "PWEGA", "category": "Condiments, Spice, & Bake", "name": "Nestle Toll House Morsels Milk Chocolate Pack - 11.5 Oz", "description": "Chocolate & Baking Chips", "list_price": 4.59}
{"product_id": "FA0EW", "category": "Canned Goods & Soups", "name": "Campbells Soup Condensed Tomato - 10.75 Oz", "description": "Condensed Soups", "list_price": 1.49}
{"product_id": "RPRGX", "category": "Condiments, Spice, & Bake", "name": "McCormick Taco Original Original Taco Seasoning Mix - 1.25 Oz", "description": "Dry Mixes", "list_price": 1.5}
{"product_id": "OP2NK", "category": "Paper, Cleaning, & Home", "name": "Woolite Pet Stain & Odor Remover + Oxy Fresh Blossoms - 22 Fl. Oz.", "description": "Carpet & Floor Care", "list_price": 6.99}
{"product_id": "HIJX4", "category": "Condiments, Spice, & Bake", "name": "O Organics Organic Flour All Purpose Unbleached - 5 Lb", "description": "Flour", "list_price": 5.99}
{"product_id": "T6KMJ", "category": "Meat & Seafood", "name": "Oscar Mayer Deli Fresh Oven Roasted Turkey Breast Family Size - 16 Oz.", "description": "Lunch Meat", "list_price": 7.99}
{"product_id": "24TM5", "category": "Bread & Bakery", "name": "Thomas Bagels Mini Plain Pre Sliced 10 Count - 15 Oz", "description": "Bagels", "list_price": 4.89}
{"product_id": "OMD3C", "category": "Deli", "name": "Primo Taglio Oven Roasted Chicken Breast - 0.50 Lb.", "description": "Chicken", "list_price": 8.99}
{"product_id": "04SGA", "category": "Pet Care", "name": "Beggin Strips Dog Snack Bacon Flavor Pouch - 25 Oz", "description": "Dog Snacks", "list_price": 13.99}
{"product_id": "375QA", "category": "Breakfast & Cereal", "name": "Kelloggs Cereal Frosted Flakes - 13.5 Oz", "description": "Cereal", "list_price": 4.99}
{"product_id": "ICY1N", "category": "Canned Goods & Soups", "name": "Campbells Soup Condensed Tomato - 10.75 Oz", "description": "Condensed Soups", "list_price": 1.49}
{"product_id": "3AHQX", "category": "Deli", "name": "Ziploc Storage Bags Quart 48 ct", "description": "Plastic Bags", "list_price": 0.99}
{"product_id": "MB4PL", "category": "Grains, Pasta, & Sides", "name": "Nishiki Rice Medium Grain - 15 Lb", "description": "Sushi Rice", "list_price": 21.99}
{"product_id": "MYBYS", "category": "Beverages", "name": "Coca-Cola Soda Soft Drink, 12 fl oz, 12 Pack", "description": "Cola", "list_price": 6.99}
{"product_id": "KA53E", "category": "Paper, Cleaning, & Home", "name": "Hefty Trash Bag Tall Drawstring Strong - 45 Count", "description": "Trash Bags", "list_price": 10.49}
{"product_id": "3MAE2", "category": "Canned Goods & Soups", "name": "Lipton Recipe Secrets Recipe Soup & Dip Mix Onion 2 Count - 2 Oz", "description": "Soup Mix & Meals", "list_price": 2.49}
{"product_id": "FVIK0", "category": "Meat & Seafood", "name": "Jennie-O Ground Turkey 93% Lean 7% Fat - 16 Oz.", "description": "Turkey", "list_price": 5.99}
{"product_id": "GULLZ", "category": "Paper, Cleaning, & Home", "name": "Tide PODS Detergent Pacs Free & Gentle - 72 Count", "description": "Laundry Detergent", "list_price": 19.99}
{"product_id": "115BX", "category": "Frozen Foods", "name": "Signature SELECT/Kitchens Vegetables Mixed - 16 Oz", "description": "Frozen Vegetables", "list_price": 2.29}
{"product_id": "ZQKGJ", "category": "Cookies, Snacks, & Candy", "name": "NABISCO Cookies Variety - 12 Count", "description": "Variety & Multipacks", "list_price": 6.99}
{"product_id": "9HJ2E", "category": "Personal Care & Health", "name": "Signature Care Hand Soap Clear Moisturizing - 7.5 Fl. Oz.", "description": "Liquid Soap", "list_price": 1.49}
{"product_id": "NJCGM", "category": "Canned Goods & Soups", "name": "Swanson Broth Chicken - 32 Oz", "description": "Broth & Stocks", "list_price": 3.79}
{"product_id": "BGJCW", "category": "Canned Goods & Soups", "name": "Campbells Condensed Soup Cream of Mushroom - 10.5 Oz", "description": "Condensed Soups", "list_price": 1.69}
{"product_id": "P54TQ", "category": "Breakfast & Cereal", "name": "Cream Of Wheat Cereal Hot 2 1/2 Minute Cook Time - 28 Oz", "description": "Oatmeal & Hot Cereal", "list_price": 4.99}
{"product_id": "XHQMC", "category": "Personal Care & Health", "name": "Mrs. Meyers Clean Day Liquid Hand Soap Lavender 12.5 fl oz", "description": "Liquid Soap", "list_price": 4.99}
{"product_id": "Q6ZEO", "category": "Fruits & Vegetables", "name": "Celery - Bunch", "description": "Celery", "list_price": 1.99}
{"product_id": "LOXVO", "category": "Bread & Bakery", "name": "Oroweat Bread Whole Grains 12 Grain - 24 Oz", "description": "Sandwich Bread", "list_price": 4.99}
{"product_id": "61JQK", "category": "Fruits & Vegetables", "name": "Honeycrisp Apple", "description": "Apples", "list_price": 1.5}
{"product_id": "V92FI", "category": "Meat & Seafood", "name": "Ground Beef Sirloin 90% Lean 10% Fat - 1.00 Lb.", "description": "Ground Beef", "list_price": 5.99}
{"product_id": "1BJGH", "category": "Personal Care & Health", "name": "Nature Made Vitamin D Supplement Softgels D3 5000 IU - 90 Count", "description": "Vitamins", "list_price": 21.99}
{"product_id": "TY0I8", "category": "Breakfast & Cereal", "name": "Krusteaz Pancake Mix Resealable Family Size - 5 Lb", "description": "Pancake & Waffle Mix", "list_price": 7.39}
{"product_id": "S0GZ6", "category": "Condiments, Spice, & Bake", "name": "Frenchs Mustard Classic Yellow - 20 Oz", "description": "Mustard", "list_price": 3.99}
{"product_id": "UBZYL", "category": "Personal Care & Health", "name": "Ensure Nutrition Shake Original Milk Chocolate - 6-8 Fl. Oz.", "description": "Active Health Management", "list_price": 9.99}
{"product_id": "LVD5O", "category": "Frozen Foods", "name": "P.F. Changs Entrees Main Meal For Two Beef Mongolian Style - 22 Oz", "description": "Frozen Meals Multi-Serve", "list_price": 8.99}
{"product_id": "P97CG", "category": "Beverages", "name": "Diet Coke Soda Soft Drink, 12 fl oz, 12 Pack", "description": "Cola", "list_price": 6.99}
{"product_id": "XYYMI", "category": "Deli", "name": "Sargento Cheese Slices Deli Style Baby Swiss 11 Count - 7 Oz", "description": "Sandwich Cheese", "list_price": 5.99}
{"product_id": "AJ69P", "category": "Meat & Seafood", "name": "Signature Farms Frozen Boneless Skinless Chicken Breasts - 40 Oz.", "description": "Chicken", "list_price": 8.99}
{"product_id": "NQBX0", "category": "Dairy, Eggs, & Cheese", "name": "Lucerne Milk Fat Free 1 Gallon - 128 Fl. Oz.", "description": "Milk", "list_price": 4.49}
{"product_id": "KR8S2", "category": "Beverages", "name": "Motts Juice 100% Apple Original - 64 Fl. Oz.", "description": "Apple Juice & Cider", "list_price": 3.69}
{"product_id": "QHEZU", "category": "Breakfast & Cereal", "name": "Nature Valley Granola Bars Crunchy Oats n Honey Value Pack - 12-1.49 Oz", "description": "Granola Bars", "list_price": 6.99}
{"product_id": "V473N", "category": "Cookies, Snacks, & Candy", "name": "RITZ Crackers Fresh Stacks Original - 8 Count", "description": "Classic Crackers", "list_price": 3.99}
{"product_id": "I3KJ2", "category": "Personal Care & Health", "name": "Dial Body Wash Refreshing Lavender & Twilight Jasmine - 16 Fl. Oz.", "description": "Body Wash", "list_price": 7.99}
{"product_id": "2AT8T", "category": "Baby Care", "name": "Huggies Refreshing Clean Baby Wipes Refill - 352 Count", "description": "Wipes & Diaper Refills", "list_price": 17.99}
{"product_id": "8A94M", "category": "Personal Care & Health", "name": "Orgain Organic Protein Plant Based Powder Vanilla Bean - 1.02 Lb", "description": "Lifestyle Nutrition", "list_price": 23.99}
{"product_id": "0VMR0", "category": "Personal Care & Health", "name": "Orgain Protein Shake Organic Creamy Chocolate Fudge - 4-11 Fl. Oz.", "description": "Active Health Management", "list_price": 0.99}
{"product_id": "UORX8", "category": "Dairy, Eggs, & Cheese", "name": "Fage Total 0% Yogurt Greek Nonfat Strained - 6 Oz", "description": "Greek Yogurt", "list_price": 1.79}
{"product_id": "8R03H", "category": "Meat & Seafood", "name": "Signature Farms Boneless Skinless Chicken Breasts Value Pack - 3 Lbs.", "description": "Chicken", "list_price": 13.47}
{"product_id": "06WHX", "category": "Condiments, Spice, & Bake", "name": "HERSHEYS Cocoa Natural Unsweetened - 8 Oz", "description": "Cocoa & Carob Powder", "list_price": 5.49}
{"product_id": "ZVH2Z", "category": "Paper, Cleaning, & Home", "name": "Glad Press n Seal Plastic Sealing Wrap Multipurpose 70 Sq. Ft. - Each", "description": "Plastic Wrap", "list_price": 5.29}
{"product_id": "0O1IB", "category": "Beverages", "name": "Signature SELECT Juice Apple - 64 Fl. Oz.", "description": "Apple Juice & Cider", "list_price": 2.49}
{"product_id": "K3W6C", "category": "Paper, Cleaning, & Home", "name": "Glad Plastic Wrap Cling Wrap 200 Sq. Ft. - Each", "description": "Plastic Wrap", "list_price": 3.49}
{"product_id": "5AOF1", "category": "Frozen Foods", "name": "White Castle Microwaveable Hamburgers - 6 Count", "description": "Pockets & Sandwiches", "list_price": 6.29}
{"product_id": "WNXM6", "category": "Frozen Foods", "name": "Signature SELECT/Kitchens Corn Whole Kernel - 16 Oz", "description": "Frozen Vegetables", "list_price": 2.29}
{"product_id": "G21HT", "category": "Condiments, Spice, & Bake", "name": "Bobs Red Mill Starch Tapioca - 16 Oz", "description": "Baking Soda & Powder", "list_price": 3.69}
{"product_id": "6C9G3", "category": "Condiments, Spice, & Bake", "name": "SKIPPY PB Bites Peanut Butter Flavored Center with Peanut Butter Coating - 6 Oz", "description": "Peanut Butter & Spreads", "list_price": 4.29}
{"product_id": "YDQ0J", "category": "Frozen Foods", "name": "Amys Burrito Cheddar Cheese - 6 Oz", "description": "Frozen Meals Organic/Veg", "list_price": 3.0}
{"product_id": "AXA4R", "category": "Pet Care", "name": "Fancy Feast Gravy Lovers Cat Food Gourmet Poultry & Beef Collection Box - 24-3 Oz", "description": "Cat Food - Moist", "list_price": 19.99}
{"product_id": "P6J2X", "category": "Bread & Bakery", "name": "La Brea Bakery Bread Loaf Whole Grain - 18 Oz", "description": "Baguettes & French Bread", "list_price": 0.99}
{"product_id": "FJZQE", "category": "Canned Goods & Soups", "name": "Rosarita Beans Refried Traditional Can - 16 Oz", "description": "Refried Beans", "list_price": "TODO"}
{"product_id": "RAUEN", "category": "Dairy, Eggs, & Cheese", "name": "Blue Diamond Almonds Almond Breeze Milk Unsweetened Original - 64 Fl. Oz.", "description": "Milk Alternatives", "list_price": 4.49}
{"product_id": "A0LI2", "category": "Grains, Pasta, & Sides", "name": "Buitoni Basil Pesto Pasta Sauce - 7 Oz.", "description": "Pesto", "list_price": "expensive"}
{"product_id": "S86IH", "category": "Cookies, Snacks, & Candy", "name": "TOSTITOS Tortilla Chips Restaurant Style Original Party Size - 18 Oz", "description": "Tortilla Chips", "list_price": 5.29}
{"product_id": "22P6A", "category": "Fruits & Vegetables", "name": "Blueberries Prepackaged - 6 Oz.", "description": "Berries", "list_price": 3.99}
{"product_id": "IJZCN", "category": "Frozen Foods", "name": "STOUFFERS Classics Meal Spaghetti With Meat Sauce - 12 Oz", "description": "Frozen Meals", "list_price": 3.99}
{"product_id": "SCJ09", "category": "Breakfast & Cereal", "name": "Quaker Oats Whole Grain Quick 1 Minute - 42 Oz", "description": "Oatmeal & Hot Cereal", "list_price": 6.19}
{"product_id": "NEUMF", "category": "Frozen Foods", "name": "Signature SELECT/Lucerne Ice Cream Sandwiches Vanila Flavored - 12-3.5 Fl. Oz.", "description": "Novelty Ice Cream & Bars", "list_price": 4.49}
{"product_id": "6X2OD", "category": "Canned Goods & Soups", "name": "RO-TEL Diced Tomatoes & Green Chilies - 10 Oz", "description": "Diced Tomatoes", "list_price": 1.99}
{"product_id": "IADDY", "category": "Dairy, Eggs, & Cheese", "name": "Lucerne Milk - Half Gallon (container may vary)", "description": "Milk", "list_price": 2.49}
{"product_id": "PL164", "category": "Beverages", "name": "Gatorade G Series Thirst Quencher Orange - 8-20 Fl. Oz.", "description": "Sports Drinks", "list_price": 6.99}
{"product_id": "1GQ8O", "category": "Beverages", "name": "Gatorade G Series Thirst Quencher Frost Glacier Freeze - 8-20 Fl. Oz.", "description": "Sports Drinks", "list_price": 6.99}
{"product_id": "2SEIL", "category": "Pet Care", "name": "Freshpet Select Dog Food Tender Chicken Recipe Wrapper - 6 Lb", "description": "Dog Food - Moist", "list_price": 15.99}
{"product_id": "OBM5O", "category": "Grains, Pasta, & Sides", "name": "Classico Pasta Sauce Traditional Sweet Basil Jar - 24 Oz", "description": "Marinara Pasta Sauce", "list_price": 3.59}
{"product_id": "UXXKY", "category": "Beverages", "name": "Aquafina Purified Drinking Water - 24-16.9 Fl. Oz.", "description": "Still Water", "list_price": 6.49}
{"product_id": "QJ7MC", "category": "Baby Care", "name": "Plum Organics Baby Food Stage 2 Pumpkin & Banana - 4.22 Oz", "description": "2nd Foods", "list_price": 1.99}
{"product_id": "NL2ZK", "category": "Frozen Foods", "name": "Signature SELECT/Kitchens Beans Green Cut - 16 Oz", "description": "Frozen Vegetables", "list_price": 2.29}
{"product_id": "FANGU", "category": "Condiments, Spice, & Bake", "name": "Pillsbury Crescents Dinner Rolls Original 8 Count - 8 Oz", "description": "Rolls & Pastry Dough", "list_price": 2.99}
{"product_id": "XZVBW", "category": "Cookies, Snacks, & Candy", "name": "ROLD GOLD Pretzels Tiny Twists Original - 16 Oz", "description": "Pretzels", "list_price": 3.29}
{"product_id": "4XTQO", "category": "Baby Care", "name": "Nursery Purified Water With Flouride - 1 Gallon", "description": "Electrolyte Solution", "list_price": 1.49}
{"product_id": "EVNXI", "category": "Grains, Pasta, & Sides", "name": "Barilla Pasta Spaghetti No. 5 Box - 16 Oz", "description": "Angel Hair & Spaghetti", "list_price": 2.09}
{"product_id": "HCUV9", "category": "Condiments, Spice, & Bake", "name": "TABASCO Sauce Pepper Green - 5 Fl. Oz.", "description": "Hot Sauce", "list_price": 0.99}
{"product_id": "TBK0W", "category": "Fruits & Vegetables", "name": "Green Seedless Grapes - 2Lbs", "description": "Grapes", "list_price": 7.98}
{"product_id": "WY80W", "category": "Fruits & Vegetables", "name": "Iceberg Lettuce - Each", "description": "Lettuce & Greens", "list_price": 1.69}
{"product_id": "EBY6L", "category": "Condiments, Spice, & Bake", "name": "Claussen Pickles Kosher Dill Sandwich Slices - 20 Fl. Oz.", "description": "Pickles", "list_price": 5.49}
{"product_id": "MW448", "category": "Pet Care", "name": "Friskies Cat Food Pate Classic Salmon Dinner Can - 5.5 Oz", "description": "Cat Food - Moist", "list_price": 0.99}
{"product_id": "K7NR3", "category": "Pet Care", "name": "Tidy Cats Cat Litter 24/7 Performance Scoop for Multiple Cats - 20 Lb", "description": "Litter & Deodorant", "list_price": 11.39}
{"product_id": "BRAGZ", "category": "Deli", "name": "Primo Taglio Lightly Seasoned Roast Beef - 0.50 Lb.", "description": "Beef", "list_price": 5.5}
{"product_id": "DANFI", "category": "Canned Goods & Soups", "name": "O Organics Organic Broth Chicken Low Sodium Brick - 32 Oz", "description": "Broth & Stocks", "list_price": 3.49}
{"product_id": "65SEG", "category": "Pet Care", "name": "Tidy Cats Cat Litter Clumping For Multiple Cats With Glade Clear Springs Jug - 20 Lb", "description": "Litter & Deodorant", "list_price": 11.39}
{"product_id": "MMT4N", "category": "Meat & Seafood", "name": "Tyson Anytizers Popcorn Chicken - 24 Oz", "description": "Chicken & Turkey", "list_price": 0.99}
{"product_id": "4S9UJ", "category": "Pet Care", "name": "Cesar Classics Canine Cuisine 4 Assorted Flavors Box - 24-3.5 Oz", "description": "Dog Food - Moist", "list_price": 28.29}
{"product_id": "IIL48", "category": "Paper, Cleaning, & Home", "name": "Tide Plus Laundry Detergent Liquid Coldwater Clean Original Jug - 92 Fl. Oz.", "description": "Laundry Detergent", "list_price": 13.99}
{"product_id": "ZHYQD", "category": "Deli", "name": "Primo Taglo Honey Turkey Breast - 0.50 Lb.", "description": "Turkey", "list_price": 4.5}
{"product_id": "9AQYN", "category": "Meat & Seafood", "name": "Jimmy Dean Fully Cooked Original Pork Sausage Links 12 Count - 9.6 Oz", "description": "Breakfast Sausage", "list_price": 5.99}
{"product_id": "72F5P", "category": "Canned Goods & Soups", "name": "Campbells Soup Condensed Chicken Noodle - 10.75 Oz", "description": "Condensed Soups", "list_price": 1.49}
{"product_id": "RIYZZ", "category": "Canned Goods & Soups", "name": "Ortega Green Chiles Diced Fire Roasted Mild Can - 4 Oz", "description": "Peppers & Green Chiles", "list_price": 1.79}
{"product_id": "2VOTG", "category": "Breakfast & Cereal", "name": "Nature Valley Granola Bars Crunchy Variety Pack - 12-1.49 Oz", "description": "Granola Bars", "list_price": 6.99}
{"product_id": "3XFXC", "category": "Canned Goods & Soups", "name": "Campbells Chunky Soup Classic Chicken Noodle - 18.6 Oz", "description": "Canned Soups", "list_price": 3.49}
{"product_id": "TSN5P", "category": "Personal Care & Health", "name": "Nature Made Stress B-Complex Tablets With Vitamin C & Zinc - 75 Count", "description": "Vitamins", "list_price": 13.99}
{"product_id": "LOPO9", "category": "Personal Care & Health", "name": "FLONASE Allergy Relief Metered Spray 60 Sprays - 0.34 Fl. Oz.", "description": "Allergy - Adult", "list_price": 16.99}
{"product_id": "9K2AL", "category": "Grains, Pasta, & Sides", "name": "Signature SELECT Pasta Sauce Garlic Basil Jar - 24 Oz", "description": "Marinara Pasta Sauce", "list_price": 2.99}
{"product_id": "7RF4Y", "category": "Fruits & Vegetables", "name": "Ziploc Freezer Bags Gallon 28 ct", "description": "Plastic Bags", "list_price": 0.99}
{"product_id": "UBFLZ", "category": "Frozen Foods", "name": "Signature SELECT Pizza Ultra Thin Crust Pepperoni Frozen - 14.2 Oz", "description": "Frozen Pizza Multi-Serve", "list_price": 5.99}
{"product_id": "OVT81", "category": "Breakfast & Cereal", "name": "Lucky Charms Cereal Frosted Toasted Oat With Marshmallows Magical Unicorn Family Size - 19.3 Oz", "description": "Cereal", "list_price": 6.19}
{"product_id": "BZJNQ", "category": "Frozen Foods", "name": "Signature SELECT Denali Moose Tracks Ice Cream - 1.50 Quart", "description": "Ice Cream", "list_price": 5.49}
{"product_id": "YWRAR", "category": "Cookies, Snacks, & Candy", "name": "Signature SELECT Trail Mix Mountain Mix - 32 Oz", "description": "Trail Mix", "list_price": 11.99}
{"product_id": "GQZJP", "category": "Meat & Seafood", "name": "Boneless Skinless Chicken Breast Value Pack - 3.50 Lbs.", "description": "Chicken", "list_price": 2.99}
{"product_id": "FT5IF", "category": "Meat & Seafood", "name": "Open Nature Frozen Boneless Skinless Chicken Breasts - 36 Oz.", "description": "Chicken", "list_price": 11.99}
{"product_id": "UT102", "category": "Breakfast & Cereal", "name": "Kelloggs Raisin Bran Breakfast Cereal Original Excellent Source of Fiber Box - 24oz", "description": "Cereal", "list_price": 5.99}
{"product_id": "F5WUW", "category": "Fruits & Vegetables", "name": "Yellow Sweet Onions - 1 Lb.", "description": "Onions & Garlic", "list_price": 1.27}
{"product_id": "ZUKN1", "category": "Dairy, Eggs, & Cheese", "name": "Lucerne Milk Reduced Fat 2% Milkfat 1 Gallon - 128 Fl. Oz.", "description": "Milk", "list_price": 4.49}
{"product_id": "QICOI", "category": "Grains, Pasta, & Sides", "name": "Kraft Macaroni & Cheese Dinner Original Box - 7.25 Oz", "description": "Macaroni & Cheese Boxed", "list_price": 1.99}
{"product_id": "V201T", "category": "Beverages", "name": "Simply Orange Juice Pulp Free Calcium & Vitamin D - 2.63 Liter", "description": "Orange Juice", "list_price": 7.99}
{"product_id": "PKAJG", "category": "Deli", "name": "Sabra Classic Hummus Singls - 6 Count - 2 Oz.", "description": "Deli Style Hummus", "list_price": 6.49}
{"product_id": "BRYPX", "category": "Meat & Seafood", "name": "waterfront BISTRO Salmon Fillets Wild Alaskin Pink Boneless & Skin On - 32 Oz", "description": "Fish", "list_price": "pricey"}
{"product_id": "WDQ7E", "category": "Baby Care", "name": "Happy Baby Organics Yogis Yogurt & Fruit Mixed Fruit Snacks Strawberry - 1 Oz", "description": "Toddler Bakery & Snacks", "list_price": 3.99}
{"product_id": "P0V9J", "category": "Dairy, Eggs, & Cheese", "name": "Challenge Butter Real California Milk - 16 Oz", "description": "Butter", "list_price": 6.79}
{"product_id": "1GK0H", "category": "Baby Care", "name": "Pampers Sensitive Baby Wipes Perfume Free - 56 Count", "description": "Wipes & Diaper Refills", "list_price": 3.99}
{"product_id": "DMNTR", "category": "Baby Care", "name": "Plum Organics Baby Food Stage 2 Pear & Mango - 4.22 Oz", "description": "2nd Foods", "list_price": 1.99}
{"product_id": "SQ41U", "category": "Cookies, Snacks, & Candy", "name": "RITZ Crackers - 13.7 Oz", "description": "Classic Crackers", "list_price": 3.99}
{"product_id": "RNRSP", "category": "Pet Care", "name": "Tidy Cats Cat Litter Clumping Instant Action - 20 Lb", "description": "Litter & Deodorant", "list_price": 11.39}
{"product_id": "6IPAG", "category": "Personal Care & Health", "name": "Dove Body Wash Nourishing Sensitive Skin Unscented - 22 Fl. Oz.", "description": "Body Wash", "list_price": 10.99}
{"product_id": "T1P2J", "category": "Paper, Cleaning, & Home", "name": "Tide Plus Detergent Liquid Febreze Freshness Botanical Rain HE Turbo Clean - 92 Fl. Oz.", "description": "Laundry Detergent", "list_price": 13.99}
{"product_id": "YZ445", "category": "Dairy, Eggs, & Cheese", "name": "O Organics Organic Milk Reduced Fat 2% Milkfat - 1 Gallon", "description": "Milk", "list_price": 7.99}
{"product_id": "X1MYK", "category": "Cookies, Snacks, & Candy", "name": "NABISCO Cookies and Crackers Variety Pack Classic Mix - 20 Count", "description": "Variety & Multipacks", "list_price": 9.99}
{"product_id": "P7DNN", "category": "Baby Care", "name": "Gerber 2nd Foods Baby Food Chicken & Chicken Gravy - 2.5 Oz", "description": "2nd Foods", "list_price": 1.39}
{"product_id": "G3K37", "category": "Grains, Pasta, & Sides", "name": "Barilla Ready Pasta Rotini Pouch - 8.5 Oz", "description": "Pasta Sides", "list_price": 2.49}
{"product_id": "RVEW0", "category": "Beverages", "name": "Pure Leaf Unsweetened Iced Tea - 6-16.9 Fl. Oz.", "description": "Iced Tea", "list_price": 7.99}
{"product_id": "QXODP", "category": "Cookies, Snacks, & Candy", "name": "Cheez-It Crackers Baked Snack - 12.4 Oz", "description": "Cheese Crackers", "list_price": 4.49}
{"product_id": "TLN4D", "category": "Personal Care & Health", "name": "BOOST Nutritional Drink Original Rich Chocolate - 12-8 Fl. Oz.", "description": "Active Health Management", "list_price": 22.99}
{"product_id": "ZPG46", "category": "Grains, Pasta, & Sides", "name": "Mahatma Rice Jasmine - 80 Oz", "description": "Jasmine Rice", "list_price": 10.29}
{"product_id": "LSX4P", "category": "Breakfast & Cereal", "name": "Quaker Chewy Granola Bars Chocolate Chip Value Pack - 18-0.84 Oz", "description": "Granola Bars", "list_price": 5.49}
{"product_id": "XJGQ8", "category": "Beverages", "name": "Coca-Cola Soda Classic Cans - 20-12 Fl. Oz.", "description": "Cola", "list_price": 9.99}
{"product_id": "9IZXV", "category": "Deli", "name": "Babybel Original Mini Cheese Wheels - 6 Count - 4.5 Oz.", "description": "Snacking Cheese", "list_price": 4.99}
{"product_id": "KB856", "category": "Baby Care", "name": "O Organics Organic Baby Food Stage 2 Berries Pear & Oats - 4 Oz", "description": "1st Foods", "list_price": 1.49}
{"product_id": "3CSM5", "category": "Cookies, Snacks, & Candy", "name": "Chips Ahoy! Cookies Chocolate Chip Original Family Size - 18.2 Oz", "description": "Variety & Multipacks", "list_price": 5.49}
{"product_id": "QX43P", "category": "Condiments, Spice, & Bake", "name": "Bragg Seasoning Yeast Nutritional Premium - 4.5 Oz", "description": "Herbs & Spices", "list_price": 6.99}
{"product_id": "HJFMO", "category": "Fruits & Vegetables", "name": "Banana - Each", "description": "Bananas", "list_price": 0.99}
{"product_id": "GPQU7", "category": "Canned Goods & Soups", "name": "Del Monte Fresh Cut Peas Sweet with Natural Sea Salt - 15 Oz", "description": "Peas", "list_price": 1.99}
{"product_id": "PG842", "category": "Condiments, Spice, & Bake", "name": "Jif Peanut Butter Creamy - 16 Oz", "description": "Peanut Butter & Spreads", "list_price": 3.49}
{"product_id": "KF20R", "category": "Dairy, Eggs, & Cheese", "name": "O Organics Organic Eggs Large Brown - 12 Count", "description": "Eggs", "list_price": 5.49}
{"product_id": "U7N3T", "category": "Personal Care & Health", "name": "BOOST Nutritional Drink High Protein Very Vanilla - 12-8 Fl. Oz.", "description": "Active Health Management", "list_price": 22.99}
{"product_id": "OVMCR", "category": "Canned Goods & Soups", "name": "Campbells Chunky Soup Classic Chicken Noodle - 18.6 Oz", "description": "Canned Soups", "list_price": 3.49}
{"product_id": "YLKMA", "category": "Deli", "name": "Primo Taglio Italian Dry Salame - 12 Oz.", "description": "Salami & Sausage", "list_price": 7.99}
{"product_id": "HUC97", "category": "Dairy, Eggs, & Cheese", "name": "Happy Egg Co. Eggs Free Range Large - 12 Count", "description": "Eggs", "list_price": 5.99}
{"product_id": "R8ZD5", "category": "Bread & Bakery", "name": "Natures Own 100% Whole Wheat Bread - 20 Oz", "description": "Sandwich Bread", "list_price": 3.99}
{"product_id": "X0401", "category": "Meat & Seafood", "name": "USDA Choice Beef Ribeye Roast Bone In - 6 Lbs. (approx. weight)", "description": "Beef Whole Cuts & Roasts", "list_price": 59.94}
{"product_id": "JDQP2", "category": "Deli", "name": "Primo Taglio Parmesan Cheese - 8 Oz.", "description": "Parmesan & Asiago Cheese", "list_price": 5.99}
{"product_id": "0X9GR", "category": "Grains, Pasta, & Sides", "name": "Hinode Rice White Calrose Medium Grain - 5 Lb", "description": "Calrose Rice", "list_price": 6.99}
{"product_id": "FGW0O", "category": "Breakfast & Cereal", "name": "Cinnamon Toast Crunch Cereal Family Size Box - 19.3 Oz", "description": "Cereal", "list_price": 4.99}
{"product_id": "9CLQJ", "category": "Beverages", "name": "Red Bull Energy Drink Sugar Free - 4-8.4 Fl. Oz.", "description": "Energy Drinks & Shots", "list_price": 8.39}
{"product_id": "8FG4T", "category": "Deli", "name": "Open Nature Whole Roasted Chicken Hot - Each", "description": "Deli Side Dishes & Meals", "list_price": 9.99}
{"product_id": "ONSIO", "category": "Personal Care & Health", "name": "Poise Pads Long Length Moderate Absorbency - 54 Count", "description": "Adult Care", "list_price": 19.99}
{"product_id": "LSRIZ", "category": "Beverages", "name": "Simply Lemonade Juice All Natural With Strawberry - 52 Fl. Oz.", "description": "Lemonade & Limeade", "list_price": 2.99}
{"product_id": "2H9ZP", "category": "Breakfast & Cereal", "name": "Cheerios Cereal Whole Grain Oats Honey Nut Family Size Box - 19.5 Oz", "description": "Cereal", "list_price": 6.19}
{"product_id": "Q51Y8", "category": "Paper, Cleaning, & Home", "name": "Reynolds Parchment Paper Genuine Non-Stick 45 Sq. Ft. - Each", "description": "Freezer & Wax Paper", "list_price": 4.49}
{"product_id": "P70HF", "category": "Meat & Seafood", "name": "Aidells Smoked Chicken Sausage Links Chicken & Apple 4 Count - 12 Oz", "description": "Dinner Sausage", "list_price": 6.49}
{"product_id": "KS9AX", "category": "Beverages", "name": "Signature SELECT Drinking Water Purified - 32-16.9 Fl. Oz.", "description": "Still Water", "list_price": 4.49}
{"product_id": "JHXPY", "category": "Personal Care & Health", "name": "CLIF Energy Bar Chocolate Chip - 6-2.4 Oz", "description": "Sport Nutrition & Energy", "list_price": 6.99}
{"product_id": "Q6TX0", "category": "Paper, Cleaning, & Home", "name": "Signature SELECT Forks Plastic Everyday Heavy Duty Box - 48 Count", "description": "Cutlery", "list_price": 1.99}
{"product_id": "QHH1G", "category": "Baby Care", "name": "Gerber Graduates Lil Crunchies Corn Snack Baked Whole Grain Mild Cheddar - 1.48 Oz", "description": "Toddler Bakery & Snacks", "list_price": 2.99}
{"product_id": "U26HH", "category": "Pet Care", "name": "IAMS Proactive Health Cat Food Dry For Healthy Adult With Chicken - 7 Lb", "description": "Cat Food - Dry", "list_price": 14.99}
{"product_id": "IW939", "category": "Grains, Pasta, & Sides", "name": "Stove Top Stuffing Mix for Turkey - 6 Oz", "description": "Stuffing Mix", "list_price": 3.29}
{"product_id": "6MCT9", "category": "Fruits & Vegetables", "name": "Organic Banana", "description": "Bananas", "list_price": 0.99}
{"product_id": "MDPPC", "category": "Bread & Bakery", "name": "Fresh Baked Brioche Burger Buns - 4 Count", "description": "Hamburger Buns", "list_price": 4.99}
{"product_id": "DWE7N", "category": "Fruits & Vegetables", "name": "Red Seedless Grapes", "description": "Grapes", "list_price": 3.99}
{"product_id": "9SZWD", "category": "Paper, Cleaning, & Home", "name": "Toilet Paper White Bathroom Tissue 100g (White 10Rolls)", "description": "Toilet Paper", "list_price": 14.39}
{"product_id": "2SF9G", "category": "Grains, Pasta, & Sides", "name": "RAGU Old World Style Pasta Sauce Flavored with Meat Jar - 23.9 Oz", "description": "Meat Pasta Sauce", "list_price": 2.99}
{"product_id": "AEF4Y", "category": "Fruits & Vegetables", "name": "Romaine Hearts Prepackaged - 3 Count", "description": "Packaged Salads", "list_price": 3.49}
{"product_id": "ABBHR", "category": "Beverages", "name": "Sprite Lemon Lime Soda Soft Drinks, 12 fl oz, 12 Pack", "description": "Lemon Lime & Citrus Soda", "list_price": 6.99}
{"product_id": "R37PD", "category": "Beverages", "name": "Red Bull Energy Drink - 4-8.4 Fl. Oz.", "description": "Energy Drinks & Shots", "list_price": 8.39}
{"product_id": "90T50", "category": "Deli", "name": "Primo Taglio Pan Roasted Turkey - 0.50 Lb.", "description": "Turkey", "list_price": 8.99}
{"product_id": "7184L", "category": "Frozen Foods", "name": "Lean Cuisine Comfort Entree Meatloaf with Mashed Potatoes - 9.375 Oz", "description": "Frozen Meals Wellness", "list_price": 3.99}
{"product_id": "6K05Y", "category": "Baby Care", "name": "O Organics Organic Baby Food Stage 2 Banana Strawberry & Apple - 4 Oz", "description": "1st Foods", "list_price": 1.49}
{"product_id": "4PJKU", "category": "Pet Care", "name": "Temptations Classic Treats For Cats Tasty Chicken Flavor - 6.3 Oz", "description": "Cat Snacks", "list_price": 3.99}
{"product_id": "CXV5D", "category": "Condiments, Spice, & Bake", "name": "Claussen Pickles Kosher Dill Spears - 24 Fl. Oz.", "description": "Pickles", "list_price": 5.49}
{"product_id": "X3BWP", "category": "Bread & Bakery", "name": "Fresh Baked La Brea Take & Bake French Dinner Bread Rolls 6 Count - 12 Oz", "description": "Dinner Rolls", "list_price": 0.99}
{"product_id": "15CBH", "category": "Personal Care & Health", "name": "Aveeno Active Naturals Lotion Daily Moisturizing - 18 Fl. Oz.", "description": "Hand & Body Lotion", "list_price": 12.99}
{"product_id": "6JLU0", "category": "Meat & Seafood", "name": "Seafood Counter Fish Salmon Fresh Atlantic Salmon Fillet Color Added - 1.00 LB", "description": "Fish", "list_price": 9.99}
{"product_id": "X5XG7", "category": "Frozen Foods", "name": "STOUFFERS Classics Meal Lasagna with Meat & Sauce - 10.5 Oz", "description": "Frozen Meals", "list_price": 3.99}
{"product_id": "BJRUL", "category": "Frozen Foods", "name": "Signature SELECT/Kitchens Spinach Chopped - 16 Oz", "description": "Frozen Vegetables", "list_price": 2.99}
{"product_id": "80C11", "category": "Fruits & Vegetables", "name": "Raspberries Prepackaged - 6 Oz", "description": "Berries", "list_price": 3.99}
{"product_id": "58WHL", "category": "Breakfast & Cereal", "name": "Cheerios Cereal Toasted Whole Grain Oat - 8.9 Oz", "description": "Cereal", "list_price": 4.49}
{"product_id": "VL9CZ", "category": "Deli", "name": "Bob Evans Mashed Potatoes Original - 24 Oz", "description": "Deli Side Dishes & Meals", "list_price": 3.99}
{"product_id": "LLO6D", "category": "Breakfast & Cereal", "name": "Honey Bunches of Oats Cereal Honey Roasted - 14.5 Oz", "description": "Cereal", "list_price": 4.99}
{"product_id": "92RTN", "category": "Dairy, Eggs, & Cheese", "name": "Lactaid Milk Lactose Free Reduced Fat - Half Gallon", "description": "Milk - Lactose Free", "list_price": 5.19}
{"product_id": "2M900", "category": "Condiments, Spice, & Bake", "name": "BERTOLLI Olive Oil Extra Virgin - 25.5 Fl. Oz.", "description": "Olive Oil", "list_price": 13.99}
{"product_id": "C9GM8", "category": "Canned Goods & Soups", "name": "Bumble Bee Tuna Albacore Solid White in Water - 5 Oz", "description": "Tuna", "list_price": 2.99}
{"product_id": "NCRWX", "category": "Meat & Seafood", "name": "Tyson Fully Cooked Crispy Chicken Strips - 25 Oz", "description": "Chicken & Turkey", "list_price": 8.99}
{"product_id": "PMDQO", "category": "Breakfast & Cereal", "name": "Applegate Natural Chicken & Maple Breakfast Sausage Frozen - 7oz", "description": "Breakfast Sausage", "list_price": 5.49}
{"product_id": "JPUPM", "category": "Cookies, Snacks, & Candy", "name": "RITZ Crackers Sandwiches Peanut Butter Family Size Box - 16-1.38 Oz", "description": "Variety & Multipacks", "list_price": 6.99}
{"product_id": "60LB0", "category": "Baby Care", "name": "O Organics Organic Baby Food Stage 2 Apple Carrot & Kale With Brown Rice - 3.5 Oz", "description": "2nd Foods", "list_price": 1.49}
{"product_id": "T5RAI", "category": "Personal Care & Health", "name": "Poise Pads Ultimate Absorbency Long Length - 27 Count", "description": "Adult Care", "list_price": 19.99}
{"product_id": "GS8WX", "category": "Cookies, Snacks, & Candy", "name": "Tostitos Tortilla Chips Restaurant Style Original - 13 Oz", "description": "Tortilla Chips", "list_price": 4.29}
{"product_id": "1Y87V", "category": "Paper, Cleaning, & Home", "name": "Signature Select Bleach Regular - 121 Fl. Oz.", "description": "Bleach", "list_price": 4.29}
{"product_id": "H3HBY", "category": "Canned Goods & Soups", "name": "O Organics Organic Broth Chicken - 32 Oz", "description": "Broth & Stocks", "list_price": 3.49}
{"product_id": "B4256", "category": "Breakfast & Cereal", "name": "Quaker Oatmeal Instant Maple & Brown Sugar - 10-1.51 Oz", "description": "Oatmeal & Hot Cereal", "list_price": 3.99}
{"product_id": "Z8DO8", "category": "Beverages", "name": "Starbucks Coffee Ground Dark Roast French Roast Bag - 12 Oz", "description": "Coffee - Ground", "list_price": 10.99}
{"product_id": "0KY4F", "category": "Paper, Cleaning, & Home", "name": "Downy Ultra Fabric Conditioner Liquid Ultra & Gentle - 51 Fl. Oz.", "description": "Fabric Softener", "list_price": 6.99}
{"product_id": "U1H41", "category": "Meat & Seafood", "name": "Signature Farms Boneless Skinless Chicken Thighs Value Pack - 3 Lbs.", "description": "Chicken", "list_price": 13.47}
{"product_id": "XUXA0", "category": "Fruits & Vegetables", "name": "Strawberries Prepackaged - 1Lb", "description": "Berries", "list_price": 3.99}
{"product_id": "PQ9EZ", "category": "Beverages", "name": "Peets Coffee Coffee Ground Deep Roast Major Dickasons Blend - 20 Oz", "description": "Coffee - Ground", "list_price": 14.99}
{"product_id": "MPAO6", "category": "Pet Care", "name": "Friskies Cat Food Savory Shreds Variety Pack Can - 32-5.5 Oz", "description": "Cat Food - Moist", "list_price": 23.49}
{"product_id": "F6QZB", "category": "Breakfast & Cereal", "name": "Cheerios Cereal Whole Grain Oats Honey Nut Large Size Box - 15.4 Oz", "description": "Cereal", "list_price": 5.29}
{"product_id": "33ZMJ", "category": "Pet Care", "name": "Temptations Classic Treats For Cats Tasty Chicken Flavor - 16 Oz", "description": "Cat Snacks", "list_price": 8.99}
{"product_id": "P4XL5", "category": "Beverages", "name": "Simply Orange Juice Pulp Free - 52 Fl. Oz.", "description": "Orange Juice", "list_price": 5.29}
{"product_id": "GOH26", "category": "Dairy, Eggs, & Cheese", "name": "Lucerne Cheese Finely Shredded Mexican Style 4 Cheese Blend - 32 Oz", "description": "Shredded Cheese", "list_price": 9.99}
{"product_id": "2RU78", "category": "Personal Care & Health", "name": "ARM & HAMMER Advance White Toothpaste Fluoride Anticavity Fresh Mint Flavor - 6 Oz", "description": "Toothpaste", "list_price": 5.99}
{"product_id": "6J6E8", "category": "Cookies, Snacks, & Candy", "name": "Miltons Crackers Baked Gluten Free Crispy Sea Salt - 4.5 Oz", "description": "Deli & Water Crackers", "list_price": 3.99}
{"product_id": "YE4GB", "category": "Personal Care & Health", "name": "Claritin Antihistamine Tablets Indoor & Outdoor Allergies 10mg RediTabs - 30 Count", "description": "Allergy - Adult", "list_price": 26.99}
{"product_id": "KA8Q9", "category": "Pet Care", "name": "Friskies Cat Food Poultry Variety Pack Box - 32-5.5 Oz", "description": "Cat Food - Moist", "list_price": 23.49}
{"product_id": "3AAY0", "category": "Baby Care", "name": "WaterWipes Baby Wipes - 60 Count", "description": "Wipes & Diaper Refills", "list_price": 5.49}
{"product_id": "DKC29", "category": "Deli", "name": "Signature Cafe Pacific Coast Style Clam Chowder Soup - 24 Oz.", "description": "Deli Soups", "list_price": 5.99}
{"product_id": "MEOKR", "category": "Frozen Foods", "name": "Amys Enchilada Cheese - 9 Oz", "description": "Frozen Meals Organic/Veg", "list_price": 4.99}
{"product_id": "ZCNB8", "category": "Bread & Bakery", "name": "Oroweat Bread Country Buttermilk - 24 Oz", "description": "Sandwich Bread", "list_price": 4.99}
